Country,1990,1990_lower, 1990_upper, 1991,1991_lower, 1991_upper, 1992,1992_lower, 1992_upper, 1993,1993_lower, 1993_upper, 1994,1994_lower, 1994_upper, 1995,1995_lower, 1995_upper, 1996,1996_lower, 1996_upper, 1997,1997_lower, 1997_upper, 1998,1998_lower, 1998_upper, 1999,1999_lower, 1999_upper, 2000,2000_lower, 2000_upper, 2001,2001_lower, 2001_upper, 2002,2002_lower, 2002_upper, 2003,2003_lower, 2003_upper, 2004,2004_lower, 2004_upper, 2005,2005_lower, 2005_upper, 2006,2006_lower, 2006_upper, 2007,2007_lower, 2007_upper, 2008,2008_lower, 2008_upper, 2009,2009_lower, 2009_upper, 2010,2010_lower, 2010_upper, 2011,2011_lower, 2011_upper, 2012,2012_lower, 2012_upper, 2013,2013_lower, 2013_upper, 2014,2014_lower, 2014_upper, 2015,2015_lower, 2015_upper, 2016,2016_lower, 2016_upper, 2017,2017_lower, 2017_upper, 2018,2018_lower, 2018_upper
Afghanistan,<100 ,<100 , <100,<100 ,<100 , <100,<100 ,<100 , <100,<100 ,<100 , <100,<100 ,<100 , <100,<100 ,<100 , <200,<100 ,<100 , <200,<100 ,<100 , <200,<100 ,<100 , <200,<100 ,<100 , <200,<100 ,<100 , <500,<200 ,<100 , <500,<200 ,<100 , <500,<200 ,<100 , <500,<200 ,<100 , <500,<200 ,<100 , <500,<200 ,<200 , <500,<200 ,<200 , <500,<500 ,<200 , <500,<500 ,<200 , <500,<500 ,<200 , <500,<500 ,<200 , <500,<500 ,<200 , <500,<500 ,<200 , <500,<500 ,<200 , <500,<500 ,<200 , <500,<500 ,<200 , <500,<500 ,<500 , <500,<500 ,<500 , <1000
Albania,... ,... , ...,... ,... , ...,... ,... , ...,... ,... , ...,... ,... , ...,... ,... , ...,... ,... , ...,... ,... , ...,... ,... , ...,... ,... , ...,... ,... , ...,... ,... , ...,... ,... , ...,... ,... , ...,... ,... , ...,... ,... , ...,... ,... , ...,... ,... , ...,... ,... , ...,... ,... , ...,... ,... , ...,... ,... , ...,... ,... , ...,... ,... , ...,... ,... , ...,... ,... , ...,... ,... , ...,... ,... , ...,... ,... , ...
Algeria,<100 ,<100 , <100,<100 ,<100 , <100,<100 ,<100 , <100,<100 ,<100 , <100,<100 ,<100 , <100,<100 ,<100 , <100,<100 ,<100 , <100,<100 ,<100 , <100,<100 ,<100 , <100,<100 ,<100 , <100,<100 ,<100 , <100,<100 ,<100 , <100,<100 ,<100 , <100,<100 ,<100 , <100,<100 ,<100 , <100,<100 ,<100 , <100,<100 ,<100 , <100,<200 ,<100 , <200,<200 ,<200 , <200,<200 ,<200 , <200,<200 ,<200 , <200,<200 ,<200 , <200,<500 ,<500 , <500,<500 ,<500 , <500,<500 ,<500 , <500,<500 ,<500 , <500,<500 ,<500 , <500,<500 ,<500 , <500,<500 ,<500 , <1000
Angola,1200 ,<1000 , 1900,1600 ,1000 , 2400,2100 ,1400 , 3100,2700 ,1800 , 3900,3300 ,2300 , 4700,4200 ,2900 , 5700,5100 ,3700 , 6800,6100 ,4600 , 8000,7300 ,5500 , 9200,8600 ,6700 , 11 000,10 000 ,8100 , 13 000,12 000 ,9400 , 15 000,13 000 ,11 000 , 16 000,15 000 ,12 000 , 19 000,17 000 ,14 000 , 21 000,19 000 ,15 000 , 23 000,21 000 ,17 000 , 25 000,23 000 ,18 000 , 28 000,24 000 ,20 000 , 30 000,26 000 ,21 000 , 32 000,28 000 ,23 000 , 34 000,30 000 ,24 000 , 37 000,32 000 ,25 000 , 39 000,33 000 ,26 000 , 41 000,34 000 ,27 000 , 42 000,34 000 ,27 000 , 42 000,36 000 ,28 000 , 44 000,37 000 ,29 000 , 46 000,38 000 ,30 000 , 47 000
Antigua and Barbuda,<100 ,<100 , <100,<100 ,<100 , <100,<100 ,<100 , <100,<100 ,<100 , <100,<100 ,<100 , <100,<100 ,<100 , <100,<100 ,<100 , <100,<100 ,<100 , <100,<100 ,<100 , <100,<100 ,<100 , <100,<100 ,<100 , <100,<100 ,<100 , <100,<100 ,<100 , <100,<100 ,<100 , <100,<100 ,<100 , <100,<100 ,<100 , <100,<100 ,<100 , <100,<100 ,<100 , <100,<100 ,<100 , <100,<100 ,<100 , <100,<100 ,<100 , <100,<100 ,<100 , <100,<100 ,<100 , <100,<100 ,<100 , <100,<100 ,<100 , <100,<100 ,<100 , <100,<100 ,<100 , <100,<100 ,<100 , <100,<100 ,<100 , <100
Argentina,<500 ,<500 , <500,<1000 ,<1000 , <1000,<1000 ,<1000 , <1000,<1000 ,<1000 , 1000,1200 ,1100 , 1300,1400 ,1400 , 1500,1600 ,1500 , 1700,1800 ,1700 , 2000,2100 ,1900 , 2200,2200 ,2100 , 2400,2400 ,2300 , 2600,2600 ,2400 , 2800,2700 ,2600 , 3000,2900 ,2700 , 3100,2900 ,2800 , 3200,3000 ,2800 , 3200,3000 ,2800 , 3300,3000 ,2800 , 3200,2900 ,2700 , 3200,2800 ,2600 , 3100,2700 ,2500 , 3000,2600 ,2400 , 2800,2500 ,2300 , 2700,2400 ,2200 , 2600,2200 ,2000 , 2500,2100 ,1900 , 2400,2000 ,1800 , 2300,1900 ,1700 , 2200,1800 ,1600 , 2100
Armenia,... ,... , ...,... ,... , ...,... ,... , ...,... ,... , ...,... ,... , ...,... ,... , ...,... ,... , ...,... ,... , ...,... ,... , ...,... ,... , ...,... ,... , ...,... ,... , ...,... ,... , ...,... ,... , ...,... ,... , ...,... ,... , ...,... ,... , ...,... ,... , ...,... ,... , ...,... ,... , ...,... ,... , ...,... ,... , ...,... ,... , ...,... ,... , ...,... ,... , ...,... ,... , ...,... ,... , ...,... ,... , ...,... ,... , ...
Australia,<100 ,<100 , <100,<100 ,<100 , <100,<100 ,<100 , <100,<100 ,<100 , <100,<100 ,<100 , <100,<100 ,<100 , <100,<100 ,<100 , <100,<100 ,<100 , <100,<100 ,<100 , <100,<100 ,<100 , <100,<100 ,<100 , <100,<100 ,<100 , <100,<100 ,<100 , <100,<100 ,<100 , <100,<100 ,<100 , <100,<100 ,<100 , <100,<100 ,<100 , <100,<100 ,<100 , <100,<100 ,<100 , <100,<100 ,<100 , <100,<100 ,<100 , <100,<100 ,<100 , <100,<100 ,<100 , <100,<100 ,<100 , <100,<100 ,<100 , <100,<100 ,<100 , <100,<100 ,<100 , <100,<100 ,<100 , <100,<100 ,<100 , <100
Austria,... ,... , ...,... ,... , ...,... ,... , ...,... ,... , ...,... ,... , ...,... ,... , ...,... ,... , ...,... ,... , ...,... ,... , ...,... ,... , ...,... ,... , ...,... ,... , ...,... ,... , ...,... ,... , ...,... ,... , ...,... ,... , ...,... ,... , ...,... ,... , ...,... ,... , ...,... ,... , ...,... ,... , ...,... ,... , ...,... ,... , ...,... ,... , ...,... ,... , ...,... ,... , ...,... ,... , ...,... ,... , ...,... ,... , ...
Azerbaijan,... ,... , ...,... ,... , ...,... ,... , ...,... ,... , ...,... ,... , ...,... ,... , ...,... ,... , ...,... ,... , ...,... ,... , ...,... ,... , ...,... ,... , ...,... ,... , ...,... ,... , ...,... ,... , ...,... ,... , ...,... ,... , ...,... ,... , ...,... ,... , ...,... ,... , ...,... ,... , ...,... ,... , ...,... ,... , ...,... ,... , ...,... ,... , ...,... ,... , ...,... ,... , ...,... ,... , ...,... ,... , ...,... ,... , ...
Bahamas,<500 ,<200 , <500,<500 ,<500 , <500,<500 ,<500 , <500,<500 ,<500 , <500,<500 ,<500 , <500,<500 ,<500 , <500,<500 ,<500 , <500,<500 ,<500 , <500,<500 ,<500 , <500,<500 ,<500 , <500,<500 ,<500 , <500,<500 ,<500 , <500,<500 ,<500 , <500,<500 ,<500 , <500,<500 ,<500 , <500,<500 ,<500 , <500,<500 ,<500 , <500,<500 ,<500 , <500,<500 ,<500 , <500,<500 ,<500 , <500,<500 ,<500 , <500,<500 ,<500 , <500,<500 ,<500 , <500,<500 ,<500 , <500,<500 ,<200 , <500,<500 ,<200 , <500,<500 ,<200 , <500,<200 ,<200 , <500,<200 ,<200 , <500
Bahrain,... ,... , ...,... ,... , ...,... ,... , ...,... ,... , ...,... ,... , ...,... ,... , ...,... ,... , ...,... ,... , ...,... ,... , ...,... ,... , ...,... ,... , ...,... ,... , ...,... ,... , ...,... ,... , ...,... ,... , ...,... ,... , ...,... ,... , ...,... ,... , ...,... ,... , ...,... ,... , ...,... ,... , ...,... ,... , ...,... ,... , ...,... ,... , ...,... ,... , ...,... ,... , ...,... ,... , ...,... ,... , ...,... ,... , ...
Bangladesh,<100 ,<100 , <100,<100 ,<100 , <100,<100 ,<100 , <100,<100 ,<100 , <100,<100 ,<100 , <100,<100 ,<100 , <100,<100 ,<100 , <100,<100 ,<100 , <100,<100 ,<100 , <100,<100 ,<100 , <100,<100 ,<100 , <100,<100 ,<100 , <100,<100 ,<100 , <100,<100 ,<100 , <100,<100 ,<100 , <100,<100 ,<100 , <200,<200 ,<200 , <200,<200 ,<200 , <200,<200 ,<200 , <200,<200 ,<200 , <500,<500 ,<200 , <500,<500 ,<500 , <500,<500 ,<500 , <500,<500 ,<500 , <500,<500 ,<500 , <500,<500 ,<500 , <500,<500 ,<500 , <500,<500 ,<500 , <500,<500 ,<500 , <500
Barbados,... ,... , ...,... ,... , ...,... ,... , ...,... ,... , ...,... ,... , ...,... ,... , ...,... ,... , ...,... ,... , ...,... ,... , ...,... ,... , ...,... ,... , ...,... ,... , ...,... ,... , ...,... ,... , ...,... ,... , ...,... ,... , ...,... ,... , ...,... ,... , ...,... ,... , ...,... ,... , ...,... ,... , ...,... ,... , ...,... ,... , ...,... ,... , ...,... ,... , ...,... ,... , ...,... ,... , ...,... ,... , ...,... ,... , ...
Belarus,<100 ,<100 , <100,<100 ,<100 , <100,<100 ,<100 , <100,<100 ,<100 , <100,<100 ,<100 , <100,<100 ,<100 , <100,<100 ,<100 , <100,<100 ,<100 , <100,<100 ,<100 , <100,<100 ,<100 , <100,<100 ,<100 , <100,<100 ,<100 , <100,<100 ,<100 , <100,<100 ,<100 , <100,<100 ,<100 , <100,<100 ,<100 , <100,<100 ,<100 , <100,<100 ,<100 , <100,<100 ,<100 , <200,<200 ,<100 , <200,<200 ,<100 , <200,<200 ,<100 , <200,<200 ,<200 , <500,<200 ,<200 , <500,<200 ,<200 , <500,<500 ,<200 , <500,<500 ,<200 , <500,<500 ,<200 , <500,<500 ,<200 , <500
Belgium,... ,... , ...,... ,... , ...,... ,... , ...,... ,... , ...,... ,... , ...,... ,... , ...,... ,... , ...,... ,... , ...,... ,... , ...,... ,... , ...,... ,... , ...,... ,... , ...,... ,... , ...,... ,... , ...,... ,... , ...,... ,... , ...,... ,... , ...,... ,... , ...,... ,... , ...,... ,... , ...,... ,... , ...,... ,... , ...,... ,... , ...,... ,... , ...,... ,... , ...,... ,... , ...,... ,... , ...,... ,... , ...,... ,... , ...
Belize,<100 ,<100 , <100,<100 ,<100 , <100,<100 ,<100 , <100,<100 ,<100 , <100,<100 ,<100 , <100,<100 ,<100 , <100,<100 ,<100 , <100,<100 ,<100 , <100,<100 ,<100 , <100,<100 ,<100 , <100,<100 ,<100 , <100,<100 ,<100 , <200,<200 ,<100 , <200,<200 ,<200 , <200,<200 ,<200 , <200,<200 ,<200 , <200,<200 ,<200 , <200,<200 ,<200 , <200,<200 ,<200 , <200,<200 ,<200 , <200,<200 ,<200 , <200,<200 ,<200 , <200,<200 ,<200 , <200,<200 ,<200 , <200,<200 ,<200 , <200,<200 ,<200 , <200,<200 ,<200 , <200,<200 ,<200 , <200,<200 ,<200 , <200
Benin,<500 ,<200 , <500,<500 ,<500 , <1000,<1000 ,<500 , 1000,<1000 ,<1000 , 1500,1200 ,<1000 , 2100,1600 ,<1000 , 2800,2000 ,1200 , 3500,2400 ,1500 , 4300,2800 ,1800 , 5000,3300 ,2000 , 5700,3700 ,2300 , 6400,4100 ,2500 , 7100,4400 ,2700 , 7800,4800 ,2900 , 8400,5100 ,3100 , 8900,5400 ,3300 , 9400,5600 ,3400 , 9800,5700 ,3500 , 9900,5700 ,3500 , 9900,5700 ,3500 , 10 000,5700 ,3500 , 10 000,5700 ,3500 , 10 000,5700 ,3500 , 9900,5600 ,3500 , 9900,5500 ,3400 , 9600,5200 ,3200 , 9200,5000 ,3100 , 8800,4800 ,2900 , 8400,4600 ,2800 , 8000
Bhutan,... ,... , ...,... ,... , ...,... ,... , ...,... ,... , ...,... ,... , ...,... ,... , ...,... ,... , ...,... ,... , ...,... ,... , ...,... ,... , ...,... ,... , ...,... ,... , ...,... ,... , ...,... ,... , ...,... ,... , ...,... ,... , ...,... ,... , ...,... ,... , ...,... ,... , ...,... ,... , ...,... ,... , ...,... ,... , ...,... ,... , ...,... ,... , ...,... ,... , ...,... ,... , ...,... ,... , ...,... ,... , ...,... ,... , ...
Bolivia (Plurinational State of),<100 ,<100 , <100,<100 ,<100 , <100,<100 ,<100 , <100,<100 ,<100 , <100,<100 ,<100 , <100,<200 ,<200 , <200,<500 ,<500 , <500,<500 ,<500 , <500,<500 ,<500 , <500,<1000 ,<500 , <1000,<1000 ,<1000 , <1000,<1000 ,<1000 , <1000,<1000 ,<1000 , <1000,<1000 ,<1000 , <1000,<1000 ,<1000 , 1000,1000 ,<1000 , 1100,1100 ,1000 , 1100,1100 ,1000 , 1200,1100 ,1000 , 1200,1100 ,1000 , 1200,1000 ,<1000 , 1100,1000 ,<1000 , 1100,<1000 ,<1000 , 1000,<1000 ,<1000 , <1000,<1000 ,<1000 , <1000,<1000 ,<1000 , <1000,<1000 ,<1000 , <1000,<1000 ,<1000 , <1000,<1000 ,<1000 , <1000
Bosnia and Herzegovina,... ,... , ...,... ,... , ...,... ,... , ...,... ,... , ...,... ,... , ...,... ,... , ...,... ,... , ...,... ,... , ...,... ,... , ...,... ,... , ...,... ,... , ...,... ,... , ...,... ,... , ...,... ,... , ...,... ,... , ...,... ,... , ...,... ,... , ...,... ,... , ...,... ,... , ...,... ,... , ...,... ,... , ...,... ,... , ...,... ,... , ...,... ,... , ...,... ,... , ...,... ,... , ...,... ,... , ...,... ,... , ...,... ,... , ...
Botswana,2700 ,2200 , 3400,4000 ,3300 , 4700,5600 ,4800 , 6400,7500 ,6600 , 8400,9600 ,8600 , 11 000,12 000 ,11 000 , 13 000,15 000 ,13 000 , 16 000,17 000 ,16 000 , 19 000,20 000 ,18 000 , 22 000,22 000 ,20 000 , 24 000,24 000 ,22 000 , 26 000,25 000 ,23 000 , 27 000,26 000 ,24 000 , 29 000,27 000 ,25 000 , 30 000,28 000 ,26 000 , 31 000,28 000 ,26 000 , 31 000,28 000 ,25 000 , 31 000,28 000 ,25 000 , 31 000,27 000 ,24 000 , 30 000,26 000 ,23 000 , 30 000,25 000 ,22 000 , 29 000,24 000 ,21 000 , 28 000,23 000 ,19 000 , 26 000,21 000 ,17 000 , 25 000,20 000 ,16 000 , 23 000,19 000 ,15 000 , 22 000,18 000 ,13 000 , 21 000,16 000 ,12 000 , 19 000,14 000 ,10 000 , 17 000
Brazil,... ,... , ...,... ,... , ...,... ,... , ...,... ,... , ...,... ,... , ...,... ,... , ...,... ,... , ...,... ,... , ...,... ,... , ...,... ,... , ...,... ,... , ...,... ,... , ...,... ,... , ...,... ,... , ...,... ,... , ...,... ,... , ...,... ,... , ...,... ,... , ...,... ,... , ...,... ,... , ...,... ,... , ...,... ,... , ...,... ,... , ...,... ,... , ...,... ,... , ...,... ,... , ...,... ,... , ...,... ,... , ...,... ,... , ...
Brunei Darussalam,... ,... , ...,... ,... , ...,... ,... , ...,... ,... , ...,... ,... , ...,... ,... , ...,... ,... , ...,... ,... , ...,... ,... , ...,... ,... , ...,... ,... , ...,... ,... , ...,... ,... , ...,... ,... , ...,... ,... , ...,... ,... , ...,... ,... , ...,... ,... , ...,... ,... , ...,... ,... , ...,... ,... , ...,... ,... , ...,... ,... , ...,... ,... , ...,... ,... , ...,... ,... , ...,... ,... , ...,... ,... , ...,... ,... , ...
Bulgaria,... ,... , ...,... ,... , ...,... ,... , ...,... ,... , ...,... ,... , ...,... ,... , ...,... ,... , ...,... ,... , ...,... ,... , ...,... ,... , ...,... ,... , ...,... ,... , ...,... ,... , ...,... ,... , ...,... ,... , ...,... ,... , ...,... ,... , ...,... ,... , ...,... ,... , ...,... ,... , ...,... ,... , ...,... ,... , ...,... ,... , ...,... ,... , ...,... ,... , ...,... ,... , ...,... ,... , ...,... ,... , ...,... ,... , ...
Burkina Faso,8700 ,5500 , 14 000,10 000 ,6700 , 16 000,12 000 ,8000 , 18 000,14 000 ,9500 , 20 000,15 000 ,11 000 , 22 000,17 000 ,12 000 , 23 000,18 000 ,13 000 , 25 000,19 000 ,15 000 , 25 000,20 000 ,15 000 , 26 000,21 000 ,16 000 , 27 000,21 000 ,17 000 , 27 000,22 000 ,17 000 , 27 000,22 000 ,17 000 , 26 000,21 000 ,17 000 , 26 000,21 000 ,17 000 , 25 000,20 000 ,16 000 , 25 000,20 000 ,15 000 , 24 000,19 000 ,14 000 , 23 000,18 000 ,13 000 , 22 000,17 000 ,12 000 , 21 000,16 000 ,12 000 , 20 000,16 000 ,11 000 , 19 000,15 000 ,10 000 , 18 000,14 000 ,9400 , 17 000,13 000 ,8600 , 17 000,12 000 ,7900 , 15 000,11 000 ,7300 , 14 000,9700 ,6700 , 13 000,9100 ,6300 , 12 000
Burundi,8900 ,3900 , 18 000,11 000 ,5600 , 21 000,14 000 ,7200 , 24 000,16 000 ,9200 , 26 000,18 000 ,11 000 , 29 000,20 000 ,13 000 , 30 000,22 000 ,15 000 , 32 000,23 000 ,16 000 , 32 000,24 000 ,18 000 , 33 000,25 000 ,19 000 , 33 000,26 000 ,20 000 , 33 000,26 000 ,21 000 , 32 000,26 000 ,21 000 , 32 000,26 000 ,21 000 , 31 000,25 000 ,21 000 , 30 000,24 000 ,20 000 , 28 000,23 000 ,19 000 , 27 000,22 000 ,18 000 , 26 000,21 000 ,17 000 , 25 000,20 000 ,16 000 , 23 000,19 000 ,15 000 , 22 000,18 000 ,14 000 , 21 000,17 000 ,13 000 , 20 000,16 000 ,12 000 , 19 000,15 000 ,11 000 , 18 000,14 000 ,10 000 , 16 000,13 000 ,9500 , 15 000,12 000 ,8600 , 14 000,11 000 ,8000 , 14 000
Cabo Verde,... ,... , ...,... ,... , ...,... ,... , ...,... ,... , ...,... ,... , ...,... ,... , ...,... ,... , ...,... ,... , ...,... ,... , ...,... ,... , ...,... ,... , ...,... ,... , ...,... ,... , ...,... ,... , ...,... ,... , ...,... ,... , ...,... ,... , ...,... ,... , ...,... ,... , ...,... ,... , ...,... ,... , ...,... ,... , ...,... ,... , ...,... ,... , ...,... ,... , ...,... ,... , ...,... ,... , ...,... ,... , ...,... ,... , ...
Cambodia,<100 ,<100 , <100,<100 ,<100 , <100,<100 ,<100 , <100,<200 ,<200 , <200,<500 ,<500 , <500,<1000 ,<1000 , <1000,1100 ,<1000 , 1300,1600 ,1400 , 1800,2100 ,1800 , 2400,2500 ,2200 , 2900,2900 ,2600 , 3300,3300 ,2900 , 3800,3600 ,3100 , 4100,3800 ,3300 , 4400,4000 ,3500 , 4600,4200 ,3600 , 4800,4300 ,3800 , 5000,4400 ,3900 , 5100,4600 ,4000 , 5300,4700 ,4000 , 5400,4700 ,4000 , 5500,4600 ,4000 , 5500,4500 ,3900 , 5400,4400 ,3800 , 5200,4200 ,3500 , 5000,4000 ,3400 , 4800,3700 ,3200 , 4500,3500 ,3000 , 4200,3300 ,2800 , 3900
Cameroon,3700 ,3100 , 4500,5100 ,4200 , 6100,6700 ,5600 , 8000,8800 ,7400 , 10 000,11 000 ,9600 , 13 000,14 000 ,12 000 , 17 000,18 000 ,15 000 , 20 000,21 000 ,18 000 , 24 000,25 000 ,22 000 , 29 000,29 000 ,25 000 , 33 000,32 000 ,28 000 , 37 000,36 000 ,32 000 , 40 000,40 000 ,35 000 , 44 000,43 000 ,37 000 , 48 000,46 000 ,40 000 , 51 000,49 000 ,41 000 , 54 000,51 000 ,43 000 , 56 000,53 000 ,45 000 , 58 000,54 000 ,45 000 , 60 000,55 000 ,46 000 , 61 000,55 000 ,45 000 , 61 000,55 000 ,45 000 , 61 000,54 000 ,44 000 , 61 000,53 000 ,43 000 , 60 000,52 000 ,41 000 , 59 000,49 000 ,39 000 , 57 000,47 000 ,37 000 , 55 000,45 000 ,36 000 , 53 000,43 000 ,33 000 , 51 000
Canada,... ,... , ...,... ,... , ...,... ,... , ...,... ,... , ...,... ,... , ...,... ,... , ...,... ,... , ...,... ,... , ...,... ,... , ...,... ,... , ...,... ,... , ...,... ,... , ...,... ,... , ...,... ,... , ...,... ,... , ...,... ,... , ...,... ,... , ...,... ,... , ...,... ,... , ...,... ,... , ...,... ,... , ...,... ,... , ...,... ,... , ...,... ,... , ...,... ,... , ...,... ,... , ...,... ,... , ...,... ,... , ...,... ,... , ...
Central African Republic,3300 ,2200 , 4600,4500 ,3200 , 6300,5800 ,4200 , 8000,7100 ,5300 , 9500,8400 ,6400 , 11 000,9800 ,7500 , 13 000,11 000 ,8500 , 15 000,12 000 ,9700 , 16 000,14 000 ,11 000 , 17 000,15 000 ,12 000 , 18 000,16 000 ,13 000 , 19 000,16 000 ,13 000 , 20 000,17 000 ,14 000 , 21 000,18 000 ,15 000 , 22 000,18 000 ,15 000 , 22 000,18 000 ,15 000 , 22 000,18 000 ,15 000 , 21 000,17 000 ,14 000 , 21 000,17 000 ,14 000 , 20 000,17 000 ,13 000 , 20 000,16 000 ,13 000 , 19 000,16 000 ,13 000 , 18 000,15 000 ,12 000 , 18 000,14 000 ,12 000 , 17 000,14 000 ,11 000 , 16 000,13 000 ,10 000 , 16 000,12 000 ,9400 , 15 000,11 000 ,8800 , 14 000,11 000 ,8200 , 14 000
Chad,3000 ,1700 , 5100,3900 ,2200 , 6400,4900 ,2900 , 7900,5900 ,3800 , 9300,7000 ,4500 , 11 000,8200 ,5400 , 12 000,9400 ,6200 , 14 000,11 000 ,7200 , 15 000,12 000 ,8100 , 16 000,13 000 ,8900 , 18 000,14 000 ,9800 , 19 000,15 000 ,11 000 , 20 000,16 000 ,11 000 , 21 000,16 000 ,12 000 , 22 000,17 000 ,12 000 , 23 000,18 000 ,13 000 , 23 000,18 000 ,13 000 , 24 000,18 000 ,14 000 , 24 000,18 000 ,14 000 , 24 000,18 000 ,14 000 , 24 000,18 000 ,14 000 , 24 000,18 000 ,13 000 , 23 000,18 000 ,13 000 , 23 000,18 000 ,13 000 , 23 000,17 000 ,12 000 , 22 000,17 000 ,12 000 , 22 000,17 000 ,12 000 , 22 000,16 000 ,11 000 , 21 000,16 000 ,11 000 , 21 000
Chile,<100 ,<100 , <100,<100 ,<100 , <100,<100 ,<100 , <100,<100 ,<100 , <100,<100 ,<100 , <100,<100 ,<100 , <100,<100 ,<100 , <100,<100 ,<100 , <100,<100 ,<100 , <100,<100 ,<100 , <100,<100 ,<100 , <200,<200 ,<200 , <200,<200 ,<200 , <200,<200 ,<200 , <200,<200 ,<200 , <200,<200 ,<200 , <200,<200 ,<200 , <200,<200 ,<200 , <200,<200 ,<200 , <200,<500 ,<200 , <500,<500 ,<500 , <500,<500 ,<500 , <500,<500 ,<500 , <500,<500 ,<500 , <500,<500 ,<500 , <500,<500 ,<500 , <500,<500 ,<500 , <500,<500 ,<500 , <500,<500 ,<500 , <500
China,... ,... , ...,... ,... , ...,... ,... , ...,... ,... , ...,... ,... , ...,... ,... , ...,... ,... , ...,... ,... , ...,... ,... , ...,... ,... , ...,... ,... , ...,... ,... , ...,... ,... , ...,... ,... , ...,... ,... , ...,... ,... , ...,... ,... , ...,... ,... , ...,... ,... , ...,... ,... , ...,... ,... , ...,... ,... , ...,... ,... , ...,... ,... , ...,... ,... , ...,... ,... , ...,... ,... , ...,... ,... , ...,... ,... , ...
Colombia,<1000 ,<200 , 2800,<1000 ,<500 , 3000,1300 ,<500 , 3400,1700 ,<1000 , 4000,2200 ,<1000 , 4500,2700 ,1000 , 5200,3200 ,1400 , 5600,3700 ,1800 , 6100,4200 ,2200 , 6600,4700 ,2700 , 7000,5000 ,3100 , 7300,5400 ,3500 , 7200,5600 ,3900 , 7400,5800 ,4200 , 7400,5900 ,4300 , 7200,5900 ,4500 , 7000,5900 ,4700 , 6900,5800 ,4800 , 6800,5600 ,4700 , 6600,5500 ,4600 , 6400,5200 ,4500 , 6100,5000 ,4200 , 5800,4800 ,4000 , 5500,4500 ,3800 , 5300,4200 ,3600 , 5000,4000 ,3400 , 4800,3900 ,3200 , 4600,3700 ,3000 , 4500,3600 ,2900 , 4300
Comoros,... ,... , ...,... ,... , ...,... ,... , ...,... ,... , ...,... ,... , ...,... ,... , ...,... ,... , ...,... ,... , ...,... ,... , ...,... ,... , ...,... ,... , ...,... ,... , ...,... ,... , ...,... ,... , ...,... ,... , ...,... ,... , ...,... ,... , ...,... ,... , ...,... ,... , ...,... ,... , ...,... ,... , ...,... ,... , ...,... ,... , ...,... ,... , ...,... ,... , ...,... ,... , ...,... ,... , ...,... ,... , ...,... ,... , ...
Congo,2100 ,1500 , 3100,2700 ,2000 , 3800,3300 ,2500 , 4500,3900 ,3000 , 5200,4500 ,3500 , 6000,5100 ,4000 , 6600,5600 ,4400 , 7200,6100 ,4800 , 7800,6600 ,5200 , 8300,7100 ,5600 , 8800,7500 ,5900 , 9200,7800 ,6200 , 9600,8000 ,6400 , 9900,8200 ,6600 , 10 000,8300 ,6700 , 10 000,8300 ,6700 , 10 000,8300 ,6700 , 10 000,8300 ,6700 , 9900,8200 ,6600 , 9800,8200 ,6700 , 9700,8200 ,6700 , 9800,8100 ,6500 , 9700,8100 ,6400 , 9700,8000 ,6400 , 9700,8000 ,6300 , 9700,7900 ,6200 , 9800,7900 ,6100 , 9900,7900 ,6000 , 9900,7700 ,5800 , 10 000
Costa Rica,... ,... , ...,... ,... , ...,... ,... , ...,... ,... , ...,... ,... , ...,... ,... , ...,... ,... , ...,... ,... , ...,... ,... , ...,... ,... , ...,... ,... , ...,... ,... , ...,... ,... , ...,... ,... , ...,... ,... , ...,... ,... , ...,... ,... , ...,... ,... , ...,... ,... , ...,... ,... , ...,... ,... , ...,... ,... , ...,... ,... , ...,... ,... , ...,... ,... , ...,... ,... , ...,... ,... , ...,... ,... , ...,... ,... , ...
Croatia,... ,... , ...,... ,... , ...,... ,... , ...,... ,... , ...,... ,... , ...,... ,... , ...,... ,... , ...,... ,... , ...,... ,... , ...,... ,... , ...,... ,... , ...,... ,... , ...,... ,... , ...,... ,... , ...,... ,... , ...,... ,... , ...,... ,... , ...,... ,... , ...,... ,... , ...,... ,... , ...,... ,... , ...,... ,... , ...,... ,... , ...,... ,... , ...,... ,... , ...,... ,... , ...,... ,... , ...,... ,... , ...,... ,... , ...
Cuba,<100 ,<100 , <100,<100 ,<100 , <100,<100 ,<100 , <100,<100 ,<100 , <100,<100 ,<100 , <100,<100 ,<100 , <100,<100 ,<100 , <100,<100 ,<100 , <100,<100 ,<100 , <100,<100 ,<100 , <100,<100 ,<100 , <100,<100 ,<100 , <100,<100 ,<100 , <100,<100 ,<100 , <100,<100 ,<100 , <100,<100 ,<100 , <100,<100 ,<100 , <100,<100 ,<100 , <100,<100 ,<100 , <100,<100 ,<100 , <100,<100 ,<100 , <100,<100 ,<100 , <100,<100 ,<100 , <100,<100 ,<100 , <100,<100 ,<100 , <200,<100 ,<100 , <200,<100 ,<100 , <200,<100 ,<100 , <200,<100 ,<100 , <200
Cyprus,... ,... , ...,... ,... , ...,... ,... , ...,... ,... , ...,... ,... , ...,... ,... , ...,... ,... , ...,... ,... , ...,... ,... , ...,... ,... , ...,... ,... , ...,... ,... , ...,... ,... , ...,... ,... , ...,... ,... , ...,... ,... , ...,... ,... , ...,... ,... , ...,... ,... , ...,... ,... , ...,... ,... , ...,... ,... , ...,... ,... , ...,... ,... , ...,... ,... , ...,... ,... , ...,... ,... , ...,... ,... , ...,... ,... , ...
Czechia,... ,... , ...,... ,... , ...,... ,... , ...,... ,... , ...,... ,... , ...,... ,... , ...,... ,... , ...,... ,... , ...,... ,... , ...,... ,... , ...,... ,... , ...,... ,... , ...,... ,... , ...,... ,... , ...,... ,... , ...,... ,... , ...,... ,... , ...,... ,... , ...,... ,... , ...,... ,... , ...,... ,... , ...,... ,... , ...,... ,... , ...,... ,... , ...,... ,... , ...,... ,... , ...,... ,... , ...,... ,... , ...,... ,... , ...
CÃ´te d'Ivoire,15 000 ,11 000 , 21 000,20 000 ,14 000 , 26 000,24 000 ,18 000 , 33 000,29 000 ,21 000 , 39 000,34 000 ,25 000 , 45 000,38 000 ,28 000 , 51 000,43 000 ,31 000 , 57 000,47 000 ,34 000 , 63 000,50 000 ,37 000 , 68 000,53 000 ,39 000 , 72 000,56 000 ,41 000 , 75 000,57 000 ,42 000 , 77 000,59 000 ,43 000 , 79 000,59 000 ,43 000 , 79 000,59 000 ,43 000 , 79 000,58 000 ,43 000 , 79 000,58 000 ,42 000 , 77 000,56 000 ,41 000 , 75 000,53 000 ,39 000 , 71 000,50 000 ,37 000 , 68 000,48 000 ,35 000 , 64 000,46 000 ,33 000 , 62 000,44 000 ,32 000 , 59 000,42 000 ,31 000 , 56 000,40 000 ,29 000 , 54 000,38 000 ,28 000 , 51 000,36 000 ,26 000 , 48 000,33 000 ,24 000 , 45 000,31 000 ,23 000 , 41 000
Democratic People's Republic of Korea,... ,... , ...,... ,... , ...,... ,... , ...,... ,... , ...,... ,... , ...,... ,... , ...,... ,... , ...,... ,... , ...,... ,... , ...,... ,... , ...,... ,... , ...,... ,... , ...,... ,... , ...,... ,... , ...,... ,... , ...,... ,... , ...,... ,... , ...,... ,... , ...,... ,... , ...,... ,... , ...,... ,... , ...,... ,... , ...,... ,... , ...,... ,... , ...,... ,... , ...,... ,... , ...,... ,... , ...,... ,... , ...,... ,... , ...
Democratic Republic of the Congo,32 000 ,26 000 , 41 000,38 000 ,31 000 , 47 000,44 000 ,37 000 , 54 000,50 000 ,42 000 , 61 000,56 000 ,48 000 , 67 000,62 000 ,53 000 , 73 000,67 000 ,57 000 , 78 000,71 000 ,62 000 , 83 000,75 000 ,65 000 , 87 000,79 000 ,68 000 , 91 000,81 000 ,70 000 , 94 000,84 000 ,71 000 , 97 000,86 000 ,72 000 , 99 000,87 000 ,74 000 , 100 000,87 000 ,74 000 , 100 000,88 000 ,73 000 , 100 000,87 000 ,73 000 , 100 000,87 000 ,72 000 , 100 000,86 000 ,71 000 , 99 000,84 000 ,69 000 , 98 000,83 000 ,67 000 , 97 000,81 000 ,65 000 , 95 000,79 000 ,63 000 , 93 000,76 000 ,61 000 , 91 000,73 000 ,58 000 , 88 000,70 000 ,55 000 , 84 000,68 000 ,53 000 , 81 000,66 000 ,51 000 , 78 000,64 000 ,50 000 , 76 000
Denmark,... ,... , ...,... ,... , ...,... ,... , ...,... ,... , ...,... ,... , ...,... ,... , ...,... ,... , ...,... ,... , ...,... ,... , ...,... ,... , ...,... ,... , ...,... ,... , ...,... ,... , ...,... ,... , ...,... ,... , ...,... ,... , ...,... ,... , ...,... ,... , ...,... ,... , ...,... ,... , ...,... ,... , ...,... ,... , ...,... ,... , ...,... ,... , ...,... ,... , ...,... ,... , ...,... ,... , ...,... ,... , ...,... ,... , ...
Djibouti,<100 ,<100 , <100,<100 ,<100 , <200,<100 ,<100 , <500,<200 ,<100 , <500,<500 ,<100 , <500,<500 ,<200 , <1000,<500 ,<500 , <1000,<1000 ,<500 , <1000,<1000 ,<500 , 1000,<1000 ,<500 , 1200,<1000 ,<1000 , 1300,<1000 ,<1000 , 1400,1100 ,<1000 , 1500,1100 ,<1000 , 1500,1200 ,<1000 , 1600,1200 ,<1000 , 1600,1300 ,<1000 , 1600,1300 ,<1000 , 1600,1300 ,1000 , 1600,1300 ,1000 , 1500,1200 ,1000 , 1500,1200 ,<1000 , 1400,1100 ,<1000 , 1400,1100 ,<1000 , 1400,1000 ,<1000 , 1300,<1000 ,<1000 , 1200,<1000 ,<1000 , 1200,<1000 ,<1000 , 1100,<1000 ,<1000 , 1000
Dominica,<100 ,<100 , <100,<100 ,<100 , <100,<100 ,<100 , <100,<100 ,<100 , <100,<100 ,<100 , <100,<100 ,<100 , <100,<100 ,<100 , <100,<100 ,<100 , <100,<100 ,<100 , <100,<100 ,<100 , <100,<100 ,<100 , <100,<100 ,<100 , <100,<100 ,<100 , <100,<100 ,<100 , <100,<100 ,<100 , <100,<100 ,<100 , <100,<100 ,<100 , <100,<100 ,<100 , <100,<100 ,<100 , <100,<100 ,<100 , <100,<100 ,<100 , <100,<100 ,<100 , <100,<100 ,<100 , <100,<100 ,<100 , <100,<100 ,<100 , <100,<100 ,<100 , <100,<100 ,<100 , <100,<100 ,<100 , <100,<100 ,<100 , <100
Dominican Republic,<1000 ,<1000 , 1100,1000 ,<1000 , 1400,1300 ,<1000 , 1800,1600 ,1100 , 2200,1800 ,1200 , 2600,2100 ,1400 , 3000,2400 ,1600 , 3300,2600 ,1800 , 3700,2800 ,2000 , 4000,3000 ,2100 , 4300,3200 ,2200 , 4400,3300 ,2300 , 4600,3400 ,2400 , 4600,3400 ,2400 , 4700,3400 ,2400 , 4700,3300 ,2400 , 4600,3100 ,2300 , 4400,3000 ,2200 , 4200,2800 ,2100 , 4000,2700 ,2000 , 3800,2600 ,1900 , 3600,2400 ,1800 , 3400,2300 ,1800 , 3200,2200 ,1600 , 3000,2000 ,1500 , 2700,1800 ,1400 , 2500,1700 ,1300 , 2300,1600 ,1200 , 2100,1400 ,1000 , 1900
Ecuador,<100 ,<100 , <200,<100 ,<100 , <200,<100 ,<100 , <500,<200 ,<100 , <500,<200 ,<100 , <500,<200 ,<100 , <500,<500 ,<100 , <500,<500 ,<200 , <1000,<500 ,<200 , <1000,<500 ,<200 , <1000,<500 ,<200 , <1000,<500 ,<500 , <1000,<500 ,<500 , <1000,<1000 ,<500 , <1000,<1000 ,<500 , <1000,<1000 ,<500 , <1000,<1000 ,<500 , <1000,<1000 ,<500 , 1000,<1000 ,<500 , 1000,<1000 ,<500 , 1100,<1000 ,<500 , 1100,<1000 ,<500 , 1100,<1000 ,<500 , 1100,<1000 ,<500 , 1100,<1000 ,<500 , 1100,<1000 ,<500 , 1100,<1000 ,<500 , 1100,<1000 ,<500 , 1200,<1000 ,<500 , 1200
Egypt,<100 ,<100 , <100,<100 ,<100 , <100,<100 ,<100 , <100,<100 ,<100 , <100,<100 ,<100 , <100,<100 ,<100 , <100,<100 ,<100 , <100,<100 ,<100 , <100,<100 ,<100 , <100,<100 ,<100 , <100,<100 ,<100 , <100,<100 ,<100 , <100,<100 ,<100 , <100,<100 ,<100 , <100,<100 ,<100 , <100,<100 ,<100 , <100,<100 ,<100 , <100,<100 ,<100 , <200,<200 ,<200 , <200,<200 ,<200 , <200,<200 ,<200 , <200,<200 ,<200 , <200,<500 ,<200 , <500,<500 ,<500 , <500,<500 ,<500 , <500,<500 ,<500 , <500,<500 ,<500 , <500,<500 ,<500 , <500,<500 ,<500 , <500
El Salvador,<100 ,<100 , <200,<200 ,<100 , <200,<200 ,<200 , <200,<200 ,<200 , <500,<500 ,<200 , <500,<500 ,<500 , <500,<500 ,<500 , <500,<500 ,<500 , <500,<500 ,<500 , <1000,<1000 ,<500 , <1000,<1000 ,<500 , <1000,<1000 ,<500 , <1000,<1000 ,<500 , <1000,<1000 ,<500 , <1000,<1000 ,<1000 , <1000,<1000 ,<1000 , <1000,<1000 ,<1000 , <1000,<1000 ,<1000 , <1000,<1000 ,<1000 , <1000,<1000 ,<1000 , <1000,<1000 ,<1000 , <1000,<1000 ,<1000 , <1000,<1000 ,<1000 , <1000,<1000 ,<1000 , <1000,<1000 ,<1000 , <1000,<1000 ,<1000 , <1000,<1000 ,<1000 , <1000,<1000 ,<500 , <1000,<1000 ,<500 , <1000
Equatorial Guinea,<200 ,<100 , <500,<200 ,<100 , <500,<500 ,<200 , <500,<500 ,<200 , <1000,<500 ,<500 , <1000,<1000 ,<500 , <1000,<1000 ,<500 , 1000,<1000 ,<1000 , 1200,<1000 ,<1000 , 1400,1100 ,<1000 , 1700,1300 ,<1000 , 1900,1500 ,1100 , 2200,1700 ,1300 , 2500,2000 ,1500 , 2700,2200 ,1700 , 3000,2400 ,1800 , 3200,2600 ,2000 , 3500,2900 ,2200 , 3800,3200 ,2500 , 4100,3400 ,2800 , 4400,3700 ,3000 , 4700,4000 ,3200 , 4900,4300 ,3400 , 5300,4500 ,3600 , 5500,4600 ,3700 , 5700,4900 ,3800 , 6100,5000 ,3800 , 6400,5100 ,3800 , 6700,5300 ,3800 , 7100
Eritrea,<500 ,<200 , 1000,<1000 ,<500 , 1300,<1000 ,<500 , 1400,<1000 ,<500 , 1600,1100 ,<1000 , 1700,1200 ,<1000 , 1800,1300 ,<1000 , 2000,1400 ,<1000 , 2000,1500 ,<1000 , 2200,1600 ,1100 , 2300,1600 ,1200 , 2300,1700 ,1300 , 2400,1800 ,1300 , 2500,1900 ,1400 , 2500,1900 ,1400 , 2500,1900 ,1400 , 2500,1900 ,1400 , 2500,1900 ,1400 , 2500,1800 ,1300 , 2400,1800 ,1300 , 2400,1800 ,1300 , 2400,1700 ,1300 , 2400,1700 ,1200 , 2300,1600 ,1100 , 2300,1500 ,1100 , 2200,1500 ,1000 , 2200,1400 ,<1000 , 2100,1400 ,<1000 , 2000,1300 ,<1000 , 2000
Estonia,... ,... , ...,... ,... , ...,... ,... , ...,... ,... , ...,... ,... , ...,... ,... , ...,... ,... , ...,... ,... , ...,... ,... , ...,... ,... , ...,... ,... , ...,... ,... , ...,... ,... , ...,... ,... , ...,... ,... , ...,... ,... , ...,... ,... , ...,... ,... , ...,... ,... , ...,... ,... , ...,... ,... , ...,... ,... , ...,... ,... , ...,... ,... , ...,... ,... , ...,... ,... , ...,... ,... , ...,... ,... , ...,... ,... , ...
Eswatini,<200 ,<200 , <200,<500 ,<500 , <500,<1000 ,<1000 , <1000,1200 ,<1000 , 1400,1800 ,1500 , 2200,2600 ,2200 , 3000,3400 ,2900 , 3900,4300 ,3600 , 4900,5200 ,4500 , 5900,6100 ,5400 , 6900,7100 ,6300 , 7900,8000 ,7200 , 8900,9000 ,7900 , 9900,9900 ,8800 , 11 000,11 000 ,9500 , 12 000,11 000 ,10 000 , 13 000,12 000 ,11 000 , 13 000,12 000 ,11 000 , 14 000,13 000 ,11 000 , 14 000,13 000 ,11 000 , 14 000,13 000 ,11 000 , 14 000,13 000 ,11 000 , 14 000,13 000 ,11 000 , 14 000,13 000 ,11 000 , 14 000,13 000 ,11 000 , 14 000,12 000 ,11 000 , 14 000,12 000 ,10 000 , 14 000,12 000 ,9800 , 13 000,11 000 ,9400 , 13 000
Ethiopia,17 000 ,11 000 , 25 000,22 000 ,14 000 , 34 000,28 000 ,18 000 , 43 000,35 000 ,22 000 , 52 000,41 000 ,26 000 , 62 000,47 000 ,30 000 , 71 000,53 000 ,34 000 , 80 000,58 000 ,38 000 , 88 000,63 000 ,41 000 , 96 000,67 000 ,43 000 , 100 000,70 000 ,45 000 , 110 000,73 000 ,47 000 , 110 000,74 000 ,48 000 , 110 000,75 000 ,48 000 , 110 000,74 000 ,48 000 , 110 000,73 000 ,47 000 , 110 000,71 000 ,46 000 , 110 000,68 000 ,44 000 , 100 000,64 000 ,41 000 , 97 000,61 000 ,39 000 , 92 000,58 000 ,37 000 , 87 000,54 000 ,35 000 , 83 000,51 000 ,33 000 , 77 000,48 000 ,31 000 , 72 000,45 000 ,29 000 , 68 000,42 000 ,27 000 , 64 000,40 000 ,26 000 , 61 000,38 000 ,25 000 , 58 000,36 000 ,23 000 , 55 000
Fiji,... ,... , ...,... ,... , ...,... ,... , ...,... ,... , ...,... ,... , ...,... ,... , ...,... ,... , ...,... ,... , ...,... ,... , ...,... ,... , ...,... ,... , ...,... ,... , ...,... ,... , ...,... ,... , ...,... ,... , ...,... ,... , ...,... ,... , ...,... ,... , ...,... ,... , ...,... ,... , ...,... ,... , ...,... ,... , ...,... ,... , ...,... ,... , ...,... ,... , ...,... ,... , ...,... ,... , ...,... ,... , ...,... ,... , ...
Finland,... ,... , ...,... ,... , ...,... ,... , ...,... ,... , ...,... ,... , ...,... ,... , ...,... ,... , ...,... ,... , ...,... ,... , ...,... ,... , ...,... ,... , ...,... ,... , ...,... ,... , ...,... ,... , ...,... ,... , ...,... ,... , ...,... ,... , ...,... ,... , ...,... ,... , ...,... ,... , ...,... ,... , ...,... ,... , ...,... ,... , ...,... ,... , ...,... ,... , ...,... ,... , ...,... ,... , ...,... ,... , ...,... ,... , ...
France,<200 ,<200 , <200,<200 ,<200 , <200,<200 ,<200 , <200,<200 ,<200 , <200,<200 ,<200 , <200,<200 ,<200 , <200,<200 ,<200 , <200,<200 ,<200 , <200,<200 ,<200 , <200,<200 ,<200 , <200,<200 ,<200 , <200,<200 ,<200 , <200,<200 ,<200 , <200,<200 ,<200 , <200,<200 ,<200 , <200,<200 ,<200 , <200,<200 ,<200 , <200,<200 ,<200 , <200,<200 ,<200 , <200,<200 ,<200 , <500,<200 ,<200 , <500,<500 ,<200 , <500,<500 ,<200 , <500,<500 ,<200 , <500,<500 ,<500 , <500,<500 ,<500 , <500,<500 ,<500 , <500,<500 ,<500 , <500,<500 ,<500 , <500
Gabon,<500 ,<200 , <500,<500 ,<500 , <1000,<500 ,<500 , <1000,<1000 ,<500 , <1000,<1000 ,<1000 , 1200,<1000 ,<1000 , 1500,1200 ,<1000 , 1800,1400 ,<1000 , 2100,1700 ,1200 , 2400,1900 ,1300 , 2700,2100 ,1500 , 2900,2300 ,1700 , 3200,2500 ,1800 , 3400,2700 ,2000 , 3600,2900 ,2100 , 3800,3000 ,2300 , 4000,3200 ,2400 , 4200,3300 ,2500 , 4200,3300 ,2500 , 4300,3400 ,2600 , 4400,3400 ,2600 , 4400,3500 ,2600 , 4500,3500 ,2600 , 4400,3400 ,2600 , 4400,3400 ,2500 , 4300,3400 ,2500 , 4300,3300 ,2400 , 4300,3300 ,2400 , 4400,3200 ,2300 , 4400
Gambia,<100 ,<100 , <100,<100 ,<100 , <100,<100 ,<100 , <200,<200 ,<100 , <200,<200 ,<100 , <500,<500 ,<200 , <500,<500 ,<200 , <500,<500 ,<500 , <1000,<500 ,<500 , <1000,<1000 ,<500 , <1000,<1000 ,<500 , <1000,<1000 ,<1000 , 1000,<1000 ,<1000 , 1200,1000 ,<1000 , 1300,1100 ,<1000 , 1400,1200 ,<1000 , 1500,1300 ,<1000 , 1700,1400 ,1000 , 1800,1500 ,1100 , 1900,1500 ,1100 , 2000,1600 ,1200 , 2000,1600 ,1200 , 2100,1600 ,1200 , 2100,1700 ,1300 , 2200,1800 ,1400 , 2300,1800 ,1400 , 2300,1800 ,1400 , 2400,1800 ,1400 , 2400,1900 ,1400 , 2500
Georgia,... ,... , ...,... ,... , ...,... ,... , ...,... ,... , ...,... ,... , ...,... ,... , ...,... ,... , ...,... ,... , ...,... ,... , ...,... ,... , ...,... ,... , ...,... ,... , ...,... ,... , ...,... ,... , ...,... ,... , ...,... ,... , ...,... ,... , ...,... ,... , ...,... ,... , ...,... ,... , ...,... ,... , ...,... ,... , ...,... ,... , ...,... ,... , ...,... ,... , ...,... ,... , ...,... ,... , ...,... ,... , ...,... ,... , ...
Germany,<100 ,<100 , <200,<200 ,<100 , <200,<200 ,<100 , <200,<200 ,<100 , <200,<100 ,<100 , <200,<100 ,<100 , <200,<100 ,<100 , <200,<100 ,<100 , <200,<100 ,<100 , <200,<100 ,<100 , <200,<100 ,<100 , <200,<100 ,<100 , <100,<100 ,<100 , <100,<100 ,<100 , <100,<100 ,<100 , <100,<100 ,<100 , <100,<100 ,<100 , <100,<100 ,<100 , <100,<100 ,<100 , <100,<100 ,<100 , <100,<100 ,<100 , <100,<100 ,<100 , <100,<100 ,<100 , <100,<100 ,<100 , <100,<100 ,<100 , <100,<100 ,<100 , <100,<100 ,<100 , <100,<100 ,<100 , <200,<200 ,<100 , <200
Ghana,6600 ,4500 , 8800,8400 ,6100 , 11 000,11 000 ,7900 , 14 000,13 000 ,10 000 , 16 000,15 000 ,12 000 , 19 000,18 000 ,14 000 , 22 000,20 000 ,17 000 , 25 000,23 000 ,19 000 , 28 000,25 000 ,21 000 , 30 000,28 000 ,24 000 , 32 000,30 000 ,25 000 , 35 000,32 000 ,27 000 , 37 000,33 000 ,29 000 , 38 000,34 000 ,30 000 , 39 000,36 000 ,31 000 , 41 000,36 000 ,31 000 , 42 000,37 000 ,32 000 , 42 000,37 000 ,32 000 , 42 000,36 000 ,31 000 , 42 000,36 000 ,30 000 , 42 000,36 000 ,29 000 , 41 000,35 000 ,29 000 , 41 000,34 000 ,28 000 , 40 000,34 000 ,27 000 , 40 000,33 000 ,27 000 , 40 000,33 000 ,26 000 , 39 000,32 000 ,25 000 , 39 000,31 000 ,24 000 , 38 000,30 000 ,23 000 , 37 000
Greece,... ,... , ...,... ,... , ...,... ,... , ...,... ,... , ...,... ,... , ...,... ,... , ...,... ,... , ...,... ,... , ...,... ,... , ...,... ,... , ...,... ,... , ...,... ,... , ...,... ,... , ...,... ,... , ...,... ,... , ...,... ,... , ...,... ,... , ...,... ,... , ...,... ,... , ...,... ,... , ...,... ,... , ...,... ,... , ...,... ,... , ...,... ,... , ...,... ,... , ...,... ,... , ...,... ,... , ...,... ,... , ...,... ,... , ...
Grenada,<100 ,<100 , <100,<100 ,<100 , <100,<100 ,<100 , <100,<100 ,<100 , <100,<100 ,<100 , <100,<100 ,<100 , <100,<100 ,<100 , <100,<100 ,<100 , <100,<100 ,<100 , <100,<100 ,<100 , <100,<100 ,<100 , <100,<100 ,<100 , <100,<100 ,<100 , <100,<100 ,<100 , <100,<100 ,<100 , <100,<100 ,<100 , <100,<100 ,<100 , <100,<100 ,<100 , <100,<100 ,<100 , <100,<100 ,<100 , <100,<100 ,<100 , <100,<100 ,<100 , <100,<100 ,<100 , <100,<100 ,<100 , <100,<100 ,<100 , <100,<100 ,<100 , <100,<100 ,<100 , <100,<100 ,<100 , <100,<100 ,<100 , <100
Guatemala,<1000 ,<1000 , <1000,1100 ,1000 , 1200,1400 ,1300 , 1400,1600 ,1500 , 1700,1900 ,1800 , 2000,2200 ,2100 , 2400,2500 ,2400 , 2600,2800 ,2600 , 2900,3000 ,2800 , 3200,3200 ,3000 , 3400,3400 ,3200 , 3600,3600 ,3400 , 3800,3700 ,3500 , 3900,3800 ,3600 , 4000,3800 ,3600 , 4000,3800 ,3600 , 4000,3700 ,3500 , 3900,3600 ,3400 , 3800,3500 ,3300 , 3700,3300 ,3100 , 3500,3200 ,3000 , 3400,3000 ,2800 , 3200,2900 ,2600 , 3000,2700 ,2500 , 2900,2500 ,2300 , 2700,2400 ,2200 , 2600,2300 ,2100 , 2400,2100 ,1900 , 2300,2000 ,1800 , 2200
Guinea,1600 ,<1000 , 3600,2100 ,1100 , 4400,2700 ,1600 , 5200,3300 ,2100 , 6100,4100 ,2700 , 7200,4900 ,3300 , 8100,5700 ,3900 , 9000,6500 ,4600 , 9700,7300 ,5400 , 11 000,8100 ,6000 , 11 000,8800 ,6600 , 12 000,9400 ,7200 , 13 000,10 000 ,7600 , 13 000,10 000 ,8100 , 13 000,11 000 ,8600 , 13 000,11 000 ,9100 , 14 000,12 000 ,9400 , 14 000,12 000 ,9500 , 14 000,12 000 ,9400 , 14 000,12 000 ,9400 , 14 000,12 000 ,9300 , 14 000,12 000 ,9200 , 14 000,12 000 ,9200 , 14 000,11 000 ,8800 , 14 000,11 000 ,8400 , 13 000,11 000 ,8400 , 13 000,11 000 ,8300 , 13 000,11 000 ,8200 , 13 000,10 000 ,7900 , 13 000
Guinea-Bissau,<200 ,<200 , <500,<500 ,<200 , <500,<500 ,<500 , <500,<1000 ,<500 , <1000,<1000 ,<1000 , <1000,1000 ,<1000 , 1300,1300 ,1100 , 1600,1600 ,1400 , 1900,2000 ,1700 , 2300,2300 ,2000 , 2700,2700 ,2300 , 3100,3100 ,2700 , 3600,3400 ,3000 , 4000,3800 ,3300 , 4400,4200 ,3700 , 4800,4500 ,3900 , 5200,4700 ,4200 , 5400,5000 ,4400 , 5700,5200 ,4600 , 6000,5400 ,4800 , 6100,5600 ,4900 , 6400,5700 ,5000 , 6500,5800 ,5100 , 6600,5800 ,5100 , 6700,5800 ,5000 , 6700,5900 ,5000 , 6700,5800 ,4900 , 6700,5700 ,4800 , 6600,5700 ,4700 , 6600
Guyana,<100 ,<100 , <100,<100 ,<100 , <100,<100 ,<100 , <100,<100 ,<100 , <100,<100 ,<100 , <100,<100 ,<100 , <100,<100 ,<100 , <100,<100 ,<100 , <100,<100 ,<100 , <100,<100 ,<100 , <100,<100 ,<100 , <200,<200 ,<100 , <200,<200 ,<200 , <200,<200 ,<200 , <200,<200 ,<200 , <500,<200 ,<200 , <500,<200 ,<200 , <500,<200 ,<200 , <500,<200 ,<200 , <500,<500 ,<200 , <500,<500 ,<500 , <500,<500 ,<500 , <500,<500 ,<500 , <500,<500 ,<500 , <500,<500 ,<500 , <500,<500 ,<500 , <500,<500 ,<500 , <500,<500 ,<500 , <500,<500 ,<500 , <500
Haiti,4800 ,3600 , 6500,5900 ,4600 , 7900,7100 ,5600 , 9300,8200 ,6500 , 11 000,9200 ,7500 , 12 000,10 000 ,8400 , 13 000,11 000 ,9100 , 14 000,12 000 ,9800 , 15 000,13 000 ,11 000 , 16 000,13 000 ,11 000 , 16 000,14 000 ,12 000 , 17 000,14 000 ,12 000 , 17 000,14 000 ,12 000 , 17 000,14 000 ,12 000 , 17 000,14 000 ,12 000 , 17 000,14 000 ,12 000 , 17 000,14 000 ,12 000 , 16 000,13 000 ,11 000 , 16 000,13 000 ,11 000 , 15 000,12 000 ,11 000 , 14 000,12 000 ,10 000 , 14 000,11 000 ,9700 , 13 000,11 000 ,9200 , 13 000,10 000 ,8700 , 12 000,10 000 ,8300 , 11 000,9700 ,7900 , 11 000,9300 ,7700 , 11 000,9000 ,7300 , 10 000,8700 ,7000 , 9900
Honduras,1100 ,<1000 , 1800,1300 ,<1000 , 2100,1600 ,1100 , 2300,1800 ,1300 , 2600,2000 ,1400 , 2800,2200 ,1600 , 2900,2300 ,1800 , 3100,2500 ,1900 , 3200,2600 ,2000 , 3300,2600 ,2100 , 3300,2600 ,2100 , 3300,2600 ,2100 , 3300,2600 ,2100 , 3100,2500 ,2100 , 3000,2300 ,2000 , 2800,2200 ,1900 , 2600,2100 ,1800 , 2500,2000 ,1700 , 2300,1800 ,1600 , 2200,1700 ,1400 , 2000,1600 ,1300 , 1900,1500 ,1200 , 1800,1400 ,1100 , 1700,1300 ,1100 , 1500,1200 ,1000 , 1400,1100 ,<1000 , 1300,1100 ,<1000 , 1200,<1000 ,<1000 , 1100,<1000 ,<1000 , 1100
Hungary,... ,... , ...,... ,... , ...,... ,... , ...,... ,... , ...,... ,... , ...,... ,... , ...,... ,... , ...,... ,... , ...,... ,... , ...,... ,... , ...,... ,... , ...,... ,... , ...,... ,... , ...,... ,... , ...,... ,... , ...,... ,... , ...,... ,... , ...,... ,... , ...,... ,... , ...,... ,... , ...,... ,... , ...,... ,... , ...,... ,... , ...,... ,... , ...,... ,... , ...,... ,... , ...,... ,... , ...,... ,... , ...,... ,... , ...
Iceland,... ,... , ...,... ,... , ...,... ,... , ...,... ,... , ...,... ,... , ...,... ,... , ...,... ,... , ...,... ,... , ...,... ,... , ...,... ,... , ...,... ,... , ...,... ,... , ...,... ,... , ...,... ,... , ...,... ,... , ...,... ,... , ...,... ,... , ...,... ,... , ...,... ,... , ...,... ,... , ...,... ,... , ...,... ,... , ...,... ,... , ...,... ,... , ...,... ,... , ...,... ,... , ...,... ,... , ...,... ,... , ...,... ,... , ...
India,... ,... , ...,... ,... , ...,... ,... , ...,... ,... , ...,... ,... , ...,... ,... , ...,... ,... , ...,... ,... , ...,... ,... , ...,... ,... , ...,... ,... , ...,... ,... , ...,... ,... , ...,... ,... , ...,... ,... , ...,... ,... , ...,... ,... , ...,... ,... , ...,... ,... , ...,... ,... , ...,... ,... , ...,... ,... , ...,... ,... , ...,... ,... , ...,... ,... , ...,... ,... , ...,... ,... , ...,... ,... , ...,... ,... , ...
Indonesia,<100 ,<100 , <100,<100 ,<100 , <100,<100 ,<100 , <100,<100 ,<100 , <100,<100 ,<100 , <100,<100 ,<100 , <100,<200 ,<100 , <200,<200 ,<200 , <500,<500 ,<500 , <500,<500 ,<500 , <1000,<1000 ,<1000 , <1000,1000 ,<1000 , 1200,1400 ,1300 , 1700,2000 ,1800 , 2300,2700 ,2400 , 3200,3600 ,3200 , 4200,4600 ,4000 , 5300,5600 ,5000 , 6500,6800 ,5900 , 7800,8000 ,6900 , 9300,9300 ,8100 , 11 000,11 000 ,9200 , 12 000,12 000 ,10 000 , 14 000,13 000 ,11 000 , 15 000,14 000 ,12 000 , 16 000,15 000 ,13 000 , 18 000,16 000 ,14 000 , 19 000,17 000 ,15 000 , 20 000,18 000 ,15 000 , 20 000
Iran (Islamic Republic of),<200 ,<100 , 1200,<500 ,<100 , 1200,<500 ,<200 , 1300,<500 ,<200 , 1400,<500 ,<200 , 1400,<500 ,<200 , 1500,<500 ,<200 , 1600,<500 ,<200 , 1700,<500 ,<500 , 1800,<500 ,<500 , 1800,<1000 ,<500 , 1800,<1000 ,<500 , 1800,<1000 ,<500 , 1700,<1000 ,<500 , 1600,<1000 ,<500 , 1500,<1000 ,<500 , 1500,<1000 ,<500 , 1400,<1000 ,<1000 , 1400,<1000 ,<1000 , 1400,<1000 ,<1000 , 1400,<1000 ,<1000 , 1400,<1000 ,<1000 , 1400,<1000 ,<1000 , 1300,<1000 ,<1000 , 1300,<1000 ,<1000 , 1300,<1000 ,<1000 , 1400,<1000 ,<1000 , 1500,<1000 ,<1000 , 1600,<1000 ,<1000 , 1600
Ireland,<100 ,<100 , <100,<100 ,<100 , <100,<100 ,<100 , <100,<100 ,<100 , <100,<100 ,<100 , <100,<100 ,<100 , <100,<100 ,<100 , <100,<100 ,<100 , <100,<100 ,<100 , <100,<100 ,<100 , <100,<100 ,<100 , <100,<100 ,<100 , <100,<100 ,<100 , <100,<100 ,<100 , <100,<100 ,<100 , <100,<100 ,<100 , <100,<100 ,<100 , <100,<100 ,<100 , <100,<100 ,<100 , <100,<100 ,<100 , <100,<100 ,<100 , <100,<100 ,<100 , <100,<100 ,<100 , <100,<100 ,<100 , <100,<100 ,<100 , <100,<100 ,<100 , <100,<100 ,<100 , <100,<100 ,<100 , <100,<100 ,<100 , <100
Israel,<100 ,<100 , <100,<100 ,<100 , <100,<100 ,<100 , <100,<100 ,<100 , <100,<100 ,<100 , <100,<100 ,<100 , <100,<100 ,<100 , <100,<100 ,<100 , <100,<100 ,<100 , <100,<100 ,<100 , <100,<100 ,<100 , <100,<100 ,<100 , <100,<100 ,<100 , <100,<100 ,<100 , <100,<100 ,<100 , <100,<100 ,<100 , <100,<100 ,<100 , <100,<100 ,<100 , <100,<100 ,<100 , <100,<100 ,<100 , <100,<100 ,<100 , <100,<100 ,<100 , <100,<100 ,<100 , <100,<100 ,<100 , <100,<100 ,<100 , <100,<100 ,<100 , <100,<100 ,<100 , <100,<100 ,<100 , <100,<100 ,<100 , <100
Italy,<200 ,<200 , <200,<200 ,<200 , <200,<200 ,<200 , <200,<200 ,<200 , <500,<200 ,<200 , <500,<500 ,<200 , <500,<200 ,<200 , <500,<200 ,<200 , <200,<200 ,<200 , <200,<200 ,<200 , <200,<200 ,<200 , <200,<200 ,<200 , <200,<200 ,<200 , <200,<200 ,<200 , <200,<200 ,<200 , <200,<200 ,<200 , <200,<200 ,<200 , <200,<200 ,<200 , <200,<200 ,<200 , <200,<200 ,<200 , <200,<200 ,<200 , <200,<200 ,<200 , <200,<200 ,<200 , <200,<200 ,<200 , <500,<200 ,<200 , <500,<500 ,<200 , <500,<500 ,<200 , <500,<500 ,<200 , <500,<500 ,<200 , <500
Jamaica,... ,... , ...,... ,... , ...,... ,... , ...,... ,... , ...,... ,... , ...,... ,... , ...,... ,... , ...,... ,... , ...,... ,... , ...,... ,... , ...,... ,... , ...,... ,... , ...,... ,... , ...,... ,... , ...,... ,... , ...,... ,... , ...,... ,... , ...,... ,... , ...,... ,... , ...,... ,... , ...,... ,... , ...,... ,... , ...,... ,... , ...,... ,... , ...,... ,... , ...,... ,... , ...,... ,... , ...,... ,... , ...,... ,... , ...
Japan,... ,... , ...,... ,... , ...,... ,... , ...,... ,... , ...,... ,... , ...,... ,... , ...,... ,... , ...,... ,... , ...,... ,... , ...,... ,... , ...,... ,... , ...,... ,... , ...,... ,... , ...,... ,... , ...,... ,... , ...,... ,... , ...,... ,... , ...,... ,... , ...,... ,... , ...,... ,... , ...,... ,... , ...,... ,... , ...,... ,... , ...,... ,... , ...,... ,... , ...,... ,... , ...,... ,... , ...,... ,... , ...,... ,... , ...
Jordan,... ,... , ...,... ,... , ...,... ,... , ...,... ,... , ...,... ,... , ...,... ,... , ...,... ,... , ...,... ,... , ...,... ,... , ...,... ,... , ...,... ,... , ...,... ,... , ...,... ,... , ...,... ,... , ...,... ,... , ...,... ,... , ...,... ,... , ...,... ,... , ...,... ,... , ...,... ,... , ...,... ,... , ...,... ,... , ...,... ,... , ...,... ,... , ...,... ,... , ...,... ,... , ...,... ,... , ...,... ,... , ...,... ,... , ...
Kazakhstan,<100 ,<100 , <100,<100 ,<100 , <100,<100 ,<100 , <100,<100 ,<100 , <100,<100 ,<100 , <100,<100 ,<100 , <100,<100 ,<100 , <100,<100 ,<100 , <100,<100 ,<100 , <100,<100 ,<100 , <100,<100 ,<100 , <100,<100 ,<100 , <100,<100 ,<100 , <100,<100 ,<100 , <100,<100 ,<100 , <100,<100 ,<100 , <100,<100 ,<100 , <100,<200 ,<200 , <200,<200 ,<100 , <200,<200 ,<100 , <200,<200 ,<200 , <200,<200 ,<200 , <200,<200 ,<200 , <200,<200 ,<200 , <200,<200 ,<200 , <200,<200 ,<200 , <500,<500 ,<200 , <500,<500 ,<500 , <500,<500 ,<500 , <500
Kenya,45 000 ,35 000 , 58 000,62 000 ,48 000 , 79 000,81 000 ,62 000 , 100 000,100 000 ,78 000 , 130 000,120 000 ,94 000 , 160 000,140 000 ,110 000 , 180 000,160 000 ,120 000 , 210 000,180 000 ,140 000 , 230 000,200 000 ,150 000 , 250 000,210 000 ,160 000 , 270 000,220 000 ,170 000 , 290 000,230 000 ,180 000 , 300 000,240 000 ,190 000 , 310 000,250 000 ,190 000 , 320 000,250 000 ,200 000 , 330 000,250 000 ,200 000 , 330 000,250 000 ,190 000 , 320 000,240 000 ,190 000 , 310 000,230 000 ,180 000 , 300 000,220 000 ,170 000 , 280 000,210 000 ,160 000 , 270 000,190 000 ,150 000 , 250 000,180 000 ,140 000 , 230 000,170 000 ,130 000 , 220 000,160 000 ,130 000 , 210 000,150 000 ,120 000 , 190 000,140 000 ,110 000 , 180 000,130 000 ,100 000 , 170 000,120 000 ,95 000 , 160 000
Kuwait,... ,... , ...,... ,... , ...,... ,... , ...,... ,... , ...,... ,... , ...,... ,... , ...,... ,... , ...,... ,... , ...,... ,... , ...,... ,... , ...,... ,... , ...,... ,... , ...,... ,... , ...,... ,... , ...,... ,... , ...,... ,... , ...,... ,... , ...,... ,... , ...,... ,... , ...,... ,... , ...,... ,... , ...,... ,... , ...,... ,... , ...,... ,... , ...,... ,... , ...,... ,... , ...,... ,... , ...,... ,... , ...,... ,... , ...
Kyrgyzstan,<100 ,<100 , <100,<100 ,<100 , <100,<100 ,<100 , <100,<100 ,<100 , <100,<100 ,<100 , <100,<100 ,<100 , <100,<100 ,<100 , <100,<100 ,<100 , <100,<100 ,<100 , <100,<100 ,<100 , <100,<100 ,<100 , <100,<100 ,<100 , <100,<100 ,<100 , <100,<100 ,<100 , <100,<100 ,<100 , <100,<100 ,<100 , <100,<100 ,<100 , <100,<100 ,<100 , <100,<200 ,<100 , <200,<200 ,<200 , <200,<200 ,<200 , <200,<500 ,<200 , <500,<500 ,<500 , <500,<500 ,<500 , <500,<500 ,<500 , <500,<500 ,<500 , <500,<500 ,<500 , <500,<500 ,<500 , <500,<500 ,<500 , <500
Lao People's Democratic Republic,<100 ,<100 , <100,<100 ,<100 , <100,<100 ,<100 , <100,<100 ,<100 , <100,<100 ,<100 , <100,<100 ,<100 , <100,<100 ,<100 , <100,<100 ,<100 , <100,<100 ,<100 , <100,<100 ,<100 , <100,<100 ,<100 , <200,<200 ,<200 , <200,<200 ,<200 , <200,<500 ,<200 , <500,<500 ,<500 , <500,<500 ,<500 , <500,<500 ,<500 , <500,<500 ,<500 , <500,<500 ,<500 , <1000,<1000 ,<500 , <1000,<1000 ,<500 , <1000,<1000 ,<1000 , <1000,<1000 ,<1000 , <1000,<1000 ,<1000 , <1000,<1000 ,<1000 , <1000,<1000 ,<1000 , <1000,<1000 ,<1000 , <1000,<1000 ,<1000 , <1000,<1000 ,<1000 , <1000
Latvia,... ,... , ...,... ,... , ...,... ,... , ...,... ,... , ...,... ,... , ...,... ,... , ...,... ,... , ...,... ,... , ...,... ,... , ...,... ,... , ...,... ,... , ...,... ,... , ...,... ,... , ...,... ,... , ...,... ,... , ...,... ,... , ...,... ,... , ...,... ,... , ...,... ,... , ...,... ,... , ...,... ,... , ...,... ,... , ...,... ,... , ...,... ,... , ...,... ,... , ...,... ,... , ...,... ,... , ...,... ,... , ...,... ,... , ...
Lebanon,... ,... , ...,... ,... , ...,... ,... , ...,... ,... , ...,... ,... , ...,... ,... , ...,... ,... , ...,... ,... , ...,... ,... , ...,... ,... , ...,... ,... , ...,... ,... , ...,... ,... , ...,... ,... , ...,... ,... , ...,... ,... , ...,... ,... , ...,... ,... , ...,... ,... , ...,... ,... , ...,... ,... , ...,... ,... , ...,... ,... , ...,... ,... , ...,... ,... , ...,... ,... , ...,... ,... , ...,... ,... , ...,... ,... , ...
Lesotho,1000 ,<1000 , 1400,1500 ,1100 , 2000,2100 ,1600 , 2700,2900 ,2300 , 3600,3800 ,3100 , 4600,4800 ,4000 , 5800,6000 ,5100 , 7100,7300 ,6200 , 8500,8600 ,7400 , 10 000,9900 ,8600 , 11 000,11 000 ,9700 , 13 000,12 000 ,11 000 , 14 000,13 000 ,12 000 , 15 000,14 000 ,12 000 , 16 000,14 000 ,13 000 , 16 000,15 000 ,13 000 , 17 000,15 000 ,13 000 , 17 000,15 000 ,13 000 , 17 000,15 000 ,13 000 , 17 000,15 000 ,13 000 , 17 000,15 000 ,13 000 , 17 000,15 000 ,13 000 , 16 000,15 000 ,12 000 , 16 000,14 000 ,12 000 , 16 000,14 000 ,11 000 , 15 000,13 000 ,11 000 , 15 000,13 000 ,10 000 , 14 000,12 000 ,9700 , 14 000,12 000 ,9500 , 14 000
Liberia,1000 ,<1000 , 1100,1400 ,1300 , 1500,1700 ,1500 , 1800,1900 ,1800 , 2100,2200 ,2100 , 2400,2600 ,2400 , 2800,3000 ,2700 , 3200,3400 ,3100 , 3700,3900 ,3600 , 4200,4500 ,4000 , 4800,4900 ,4400 , 5200,5200 ,4600 , 5500,5400 ,4800 , 5800,5500 ,4900 , 6000,5600 ,4900 , 6100,5700 ,4900 , 6200,5700 ,4900 , 6200,5700 ,4900 , 6300,5700 ,4700 , 6300,5600 ,4600 , 6200,5500 ,4500 , 6100,5300 ,4300 , 6000,5100 ,4100 , 5900,5000 ,4000 , 5700,4800 ,3900 , 5600,4600 ,3700 , 5300,4300 ,3400 , 5100,4000 ,3200 , 4800,3700 ,3000 , 4400
Libya,<100 ,<100 , <100,<100 ,<100 , <100,<100 ,<100 , <100,<100 ,<100 , <100,<100 ,<100 , <100,<100 ,<100 , <100,<100 ,<100 , <100,<100 ,<100 , <100,<100 ,<100 , <100,<100 ,<100 , <100,<100 ,<100 , <100,<100 ,<100 , <100,<100 ,<100 , <100,<100 ,<100 , <100,<100 ,<100 , <100,<100 ,<100 , <100,<100 ,<100 , <100,<200 ,<100 , <200,<200 ,<200 , <200,<200 ,<200 , <200,<200 ,<200 , <200,<200 ,<200 , <200,<200 ,<200 , <500,<500 ,<200 , <500,<500 ,<500 , <500,<500 ,<500 , <500,<500 ,<500 , <500,<500 ,<500 , <500,<500 ,<500 , <500
Lithuania,... ,... , ...,... ,... , ...,... ,... , ...,... ,... , ...,... ,... , ...,... ,... , ...,... ,... , ...,... ,... , ...,... ,... , ...,... ,... , ...,... ,... , ...,... ,... , ...,... ,... , ...,... ,... , ...,... ,... , ...,... ,... , ...,... ,... , ...,... ,... , ...,... ,... , ...,... ,... , ...,... ,... , ...,... ,... , ...,... ,... , ...,... ,... , ...,... ,... , ...,... ,... , ...,... ,... , ...,... ,... , ...,... ,... , ...
Luxembourg,... ,... , ...,... ,... , ...,... ,... , ...,... ,... , ...,... ,... , ...,... ,... , ...,... ,... , ...,... ,... , ...,... ,... , ...,... ,... , ...,... ,... , ...,... ,... , ...,... ,... , ...,... ,... , ...,... ,... , ...,... ,... , ...,... ,... , ...,... ,... , ...,... ,... , ...,... ,... , ...,... ,... , ...,... ,... , ...,... ,... , ...,... ,... , ...,... ,... , ...,... ,... , ...,... ,... , ...,... ,... , ...,... ,... , ...
Madagascar,<100 ,<100 , <100,<100 ,<100 , <100,<100 ,<100 , <200,<100 ,<100 , <200,<200 ,<100 , <500,<200 ,<100 , <500,<500 ,<100 , <1000,<500 ,<200 , <1000,<500 ,<200 , <1000,<500 ,<500 , <1000,<1000 ,<500 , 1000,<1000 ,<500 , 1200,<1000 ,<1000 , 1300,<1000 ,<1000 , 1400,<1000 ,<1000 , 1400,1100 ,<1000 , 1500,1200 ,<1000 , 1600,1200 ,<1000 , 1600,1300 ,1000 , 1700,1400 ,1100 , 1700,1400 ,1200 , 1700,1400 ,1200 , 1700,1500 ,1300 , 1800,1500 ,1300 , 1800,1600 ,1300 , 1900,1700 ,1400 , 2000,1700 ,1500 , 2100,1800 ,1500 , 2300,1900 ,1600 , 2500
Malawi,28 000 ,22 000 , 33 000,35 000 ,29 000 , 41 000,42 000 ,35 000 , 49 000,48 000 ,41 000 , 56 000,55 000 ,47 000 , 63 000,62 000 ,55 000 , 71 000,70 000 ,61 000 , 79 000,77 000 ,69 000 , 86 000,84 000 ,74 000 , 93 000,91 000 ,80 000 , 100 000,97 000 ,85 000 , 110 000,100 000 ,89 000 , 110 000,110 000 ,92 000 , 120 000,110 000 ,95 000 , 120 000,110 000 ,96 000 , 120 000,110 000 ,97 000 , 130 000,110 000 ,97 000 , 130 000,110 000 ,97 000 , 130 000,110 000 ,94 000 , 130 000,110 000 ,92 000 , 130 000,110 000 ,90 000 , 120 000,110 000 ,87 000 , 120 000,100 000 ,82 000 , 120 000,97 000 ,78 000 , 110 000,94 000 ,73 000 , 110 000,90 000 ,69 000 , 100 000,85 000 ,65 000 , 100 000,79 000 ,61 000 , 94 000,74 000 ,57 000 , 89 000
Malaysia,<100 ,<100 , <100,<100 ,<100 , <100,<200 ,<100 , <200,<200 ,<200 , <200,<500 ,<200 , <500,<500 ,<500 , <500,<500 ,<500 , <500,<500 ,<500 , <500,<500 ,<500 , <1000,<500 ,<500 , <1000,<1000 ,<500 , <1000,<1000 ,<500 , <1000,<1000 ,<500 , <1000,<1000 ,<1000 , <1000,<1000 ,<1000 , <1000,<1000 ,<1000 , <1000,<1000 ,<1000 , <1000,<1000 ,<1000 , <1000,<1000 ,<1000 , <1000,<1000 ,<1000 , <1000,<1000 ,<1000 , <1000,<1000 ,<1000 , <1000,<1000 ,<1000 , <1000,<1000 ,<1000 , <1000,<1000 ,<1000 , <1000,<1000 ,<500 , <1000,<1000 ,<500 , <1000,<500 ,<500 , <1000,<500 ,<500 , <1000
Maldives,... ,... , ...,... ,... , ...,... ,... , ...,... ,... , ...,... ,... , ...,... ,... , ...,... ,... , ...,... ,... , ...,... ,... , ...,... ,... , ...,... ,... , ...,... ,... , ...,... ,... , ...,... ,... , ...,... ,... , ...,... ,... , ...,... ,... , ...,... ,... , ...,... ,... , ...,... ,... , ...,... ,... , ...,... ,... , ...,... ,... , ...,... ,... , ...,... ,... , ...,... ,... , ...,... ,... , ...,... ,... , ...,... ,... , ...
Mali,3700 ,1700 , 7200,4800 ,2300 , 8300,5900 ,3200 , 9800,7200 ,4200 , 12 000,8600 ,5500 , 13 000,9900 ,6600 , 14 000,11 000 ,8000 , 15 000,12 000 ,9100 , 17 000,13 000 ,10 000 , 17 000,14 000 ,11 000 , 18 000,15 000 ,12 000 , 19 000,16 000 ,13 000 , 20 000,17 000 ,14 000 , 21 000,18 000 ,15 000 , 21 000,18 000 ,15 000 , 21 000,18 000 ,16 000 , 22 000,19 000 ,16 000 , 22 000,19 000 ,16 000 , 22 000,19 000 ,16 000 , 22 000,18 000 ,15 000 , 22 000,18 000 ,15 000 , 22 000,18 000 ,15 000 , 22 000,18 000 ,15 000 , 22 000,18 000 ,15 000 , 22 000,18 000 ,15 000 , 22 000,18 000 ,15 000 , 23 000,19 000 ,15 000 , 23 000,19 000 ,15 000 , 23 000,19 000 ,15 000 , 24 000
Malta,... ,... , ...,... ,... , ...,... ,... , ...,... ,... , ...,... ,... , ...,... ,... , ...,... ,... , ...,... ,... , ...,... ,... , ...,... ,... , ...,... ,... , ...,... ,... , ...,... ,... , ...,... ,... , ...,... ,... , ...,... ,... , ...,... ,... , ...,... ,... , ...,... ,... , ...,... ,... , ...,... ,... , ...,... ,... , ...,... ,... , ...,... ,... , ...,... ,... , ...,... ,... , ...,... ,... , ...,... ,... , ...,... ,... , ...
Mauritania,<100 ,<100 , <100,<100 ,<100 , <100,<100 ,<100 , <100,<100 ,<100 , <100,<100 ,<100 , <100,<100 ,<100 , <200,<100 ,<100 , <200,<200 ,<100 , <200,<200 ,<200 , <200,<200 ,<200 , <500,<500 ,<200 , <500,<500 ,<200 , <500,<500 ,<500 , <500,<500 ,<500 , <500,<500 ,<500 , <500,<500 ,<500 , <500,<500 ,<500 , <500,<500 ,<500 , <500,<500 ,<500 , <500,<500 ,<500 , <500,<500 ,<500 , <500,<500 ,<500 , <500,<500 ,<500 , <500,<500 ,<500 , <500,<500 ,<500 , <500,<500 ,<500 , <500,<500 ,<500 , <500,<500 ,<500 , <500,<500 ,<500 , <500
Mauritius,<100 ,<100 , <100,<100 ,<100 , <100,<100 ,<100 , <100,<100 ,<100 , <100,<100 ,<100 , <100,<100 ,<100 , <100,<100 ,<100 , <100,<100 ,<100 , <100,<100 ,<100 , <100,<100 ,<100 , <100,<100 ,<100 , <100,<100 ,<100 , <100,<100 ,<100 , <100,<100 ,<100 , <100,<100 ,<100 , <200,<100 ,<100 , <200,<100 ,<100 , <200,<100 ,<100 , <200,<200 ,<100 , <200,<200 ,<100 , <200,<200 ,<100 , <200,<200 ,<100 , <200,<200 ,<100 , <200,<200 ,<100 , <200,<200 ,<100 , <200,<200 ,<100 , <200,<200 ,<100 , <200,<200 ,<100 , <200,<100 ,<100 , <200
Mexico,<1000 ,<200 , 1700,<1000 ,<200 , 1900,<1000 ,<500 , 2100,<1000 ,<500 , 2400,1000 ,<500 , 2600,1200 ,<1000 , 2700,1400 ,<1000 , 2800,1500 ,<1000 , 2900,1600 ,<1000 , 3000,1800 ,1100 , 3100,1900 ,1200 , 3200,2000 ,1300 , 3200,2100 ,1500 , 3200,2200 ,1600 , 3300,2300 ,1700 , 3200,2400 ,1900 , 3300,2400 ,2000 , 3300,2500 ,2100 , 3300,2500 ,2200 , 3200,2600 ,2200 , 3200,2600 ,2200 , 3100,2700 ,2300 , 3200,2600 ,2300 , 3100,2600 ,2200 , 3100,2600 ,2200 , 3000,2500 ,2100 , 3000,2500 ,2100 , 2900,2400 ,2000 , 2700,2300 ,1900 , 2600
Mongolia,... ,... , ...,... ,... , ...,... ,... , ...,... ,... , ...,... ,... , ...,... ,... , ...,... ,... , ...,... ,... , ...,... ,... , ...,... ,... , ...,... ,... , ...,... ,... , ...,... ,... , ...,... ,... , ...,... ,... , ...,... ,... , ...,... ,... , ...,... ,... , ...,... ,... , ...,... ,... , ...,... ,... , ...,... ,... , ...,... ,... , ...,... ,... , ...,... ,... , ...,... ,... , ...,... ,... , ...,... ,... , ...,... ,... , ...
Montenegro,... ,... , ...,... ,... , ...,... ,... , ...,... ,... , ...,... ,... , ...,... ,... , ...,... ,... , ...,... ,... , ...,... ,... , ...,... ,... , ...,... ,... , ...,... ,... , ...,... ,... , ...,... ,... , ...,... ,... , ...,... ,... , ...,... ,... , ...,... ,... , ...,... ,... , ...,... ,... , ...,... ,... , ...,... ,... , ...,... ,... , ...,... ,... , ...,... ,... , ...,... ,... , ...,... ,... , ...,... ,... , ...,... ,... , ...
Morocco,<100 ,<100 , <500,<100 ,<100 , <500,<100 ,<100 , <500,<200 ,<100 , <500,<200 ,<100 , <500,<200 ,<100 , <500,<200 ,<200 , <500,<200 ,<200 , <500,<500 ,<200 , <500,<500 ,<200 , <500,<500 ,<200 , <500,<500 ,<500 , <500,<500 ,<500 , <500,<500 ,<500 , <500,<500 ,<500 , <500,<500 ,<500 , <500,<500 ,<500 , <500,<500 ,<500 , <1000,<500 ,<500 , <1000,<500 ,<500 , <1000,<500 ,<500 , <1000,<500 ,<500 , <1000,<500 ,<500 , <1000,<500 ,<500 , <1000,<500 ,<500 , <1000,<1000 ,<500 , <1000,<1000 ,<500 , <1000,<1000 ,<500 , <1000,<1000 ,<500 , <1000
Mozambique,5300 ,3900 , 7100,7500 ,5600 , 10 000,11 000 ,8000 , 14 000,15 000 ,11 000 , 20 000,20 000 ,15 000 , 26 000,25 000 ,19 000 , 34 000,32 000 ,24 000 , 43 000,39 000 ,30 000 , 53 000,47 000 ,36 000 , 64 000,56 000 ,42 000 , 75 000,65 000 ,49 000 , 87 000,74 000 ,55 000 , 99 000,82 000 ,62 000 , 110 000,91 000 ,69 000 , 120 000,99 000 ,75 000 , 130 000,110 000 ,81 000 , 140 000,110 000 ,86 000 , 150 000,120 000 ,88 000 , 160 000,120 000 ,92 000 , 170 000,130 000 ,96 000 , 170 000,130 000 ,100 000 , 180 000,140 000 ,100 000 , 190 000,140 000 ,110 000 , 190 000,140 000 ,110 000 , 190 000,140 000 ,110 000 , 190 000,140 000 ,110 000 , 190 000,140 000 ,110 000 , 200 000,140 000 ,110 000 , 200 000,140 000 ,110 000 , 190 000
Myanmar,<100 ,<100 , <100,<200 ,<200 , <200,<500 ,<500 , <500,<500 ,<500 , <1000,<1000 ,<1000 , <1000,<1000 ,<1000 , 1100,1200 ,1000 , 1400,1500 ,1300 , 1800,1900 ,1700 , 2200,2400 ,2100 , 2700,2900 ,2600 , 3300,3500 ,3100 , 4000,4200 ,3700 , 4800,4800 ,4300 , 5500,5500 ,4800 , 6300,6100 ,5400 , 6900,6700 ,5800 , 7600,7100 ,6200 , 8100,7600 ,6600 , 8700,7900 ,6800 , 9100,8200 ,6900 , 9600,8400 ,7200 , 9800,8800 ,7600 , 10 000,9100 ,7900 , 11 000,9400 ,8100 , 11 000,9600 ,8300 , 11 000,9800 ,8400 , 11 000,9900 ,8500 , 11 000,9800 ,8400 , 11 000
Namibia,<1000 ,<1000 , <1000,<1000 ,<1000 , 1200,1400 ,1200 , 1700,2000 ,1700 , 2400,2700 ,2400 , 3200,3600 ,3200 , 4200,4600 ,4000 , 5300,5600 ,5000 , 6400,6700 ,6000 , 7500,7700 ,7000 , 8700,8800 ,8000 , 9800,9700 ,8900 , 11 000,11 000 ,9600 , 12 000,11 000 ,10 000 , 13 000,12 000 ,11 000 , 13 000,12 000 ,11 000 , 13 000,12 000 ,11 000 , 14 000,13 000 ,11 000 , 14 000,13 000 ,11 000 , 14 000,13 000 ,11 000 , 15 000,13 000 ,11 000 , 15 000,14 000 ,11 000 , 15 000,14 000 ,11 000 , 15 000,14 000 ,11 000 , 15 000,13 000 ,11 000 , 15 000,13 000 ,10 000 , 15 000,13 000 ,9900 , 14 000,12 000 ,9400 , 13 000,11 000 ,8700 , 13 000
Nepal,<100 ,<100 , <100,<100 ,<100 , <100,<100 ,<100 , <100,<100 ,<100 , <100,<100 ,<100 , <100,<100 ,<100 , <100,<100 ,<100 , <100,<100 ,<100 , <100,<200 ,<100 , <200,<200 ,<200 , <500,<500 ,<500 , <500,<500 ,<500 , <500,<1000 ,<500 , <1000,<1000 ,<1000 , <1000,<1000 ,<1000 , <1000,<1000 ,<1000 , 1100,1100 ,<1000 , 1300,1200 ,1000 , 1400,1300 ,1100 , 1500,1400 ,1200 , 1600,1400 ,1300 , 1700,1500 ,1300 , 1800,1500 ,1300 , 1800,1600 ,1400 , 1800,1600 ,1400 , 1800,1500 ,1400 , 1800,1500 ,1300 , 1700,1400 ,1300 , 1700,1400 ,1200 , 1600
Netherlands,<100 ,<100 , <100,<100 ,<100 , <100,<100 ,<100 , <100,<100 ,<100 , <100,<100 ,<100 , <100,<100 ,<100 , <100,<100 ,<100 , <100,<100 ,<100 , <100,<100 ,<100 , <100,<100 ,<100 , <100,<100 ,<100 , <100,<100 ,<100 , <100,<100 ,<100 , <100,<100 ,<100 , <100,<100 ,<100 , <100,<100 ,<100 , <100,<100 ,<100 , <100,<100 ,<100 , <100,<100 ,<100 , <100,<100 ,<100 , <100,<100 ,<100 , <100,<100 ,<100 , <100,<100 ,<100 , <100,<100 ,<100 , <100,<100 ,<100 , <100,<100 ,<100 , <100,<100 ,<100 , <100,<100 ,<100 , <100,... ,... , ...
New Zealand,... ,... , ...,... ,... , ...,... ,... , ...,... ,... , ...,... ,... , ...,... ,... , ...,... ,... , ...,... ,... , ...,... ,... , ...,... ,... , ...,... ,... , ...,... ,... , ...,... ,... , ...,... ,... , ...,... ,... , ...,... ,... , ...,... ,... , ...,... ,... , ...,... ,... , ...,... ,... , ...,... ,... , ...,... ,... , ...,... ,... , ...,... ,... , ...,... ,... , ...,... ,... , ...,... ,... , ...,... ,... , ...,... ,... , ...
Nicaragua,<100 ,<100 , <200,<100 ,<100 , <200,<100 ,<100 , <200,<100 ,<100 , <200,<100 ,<100 , <500,<100 ,<100 , <500,<100 ,<100 , <500,<100 ,<100 , <500,<100 ,<100 , <500,<100 ,<100 , <500,<200 ,<100 , <500,<200 ,<100 , <500,<200 ,<100 , <500,<200 ,<200 , <500,<200 ,<200 , <500,<200 ,<200 , <500,<500 ,<200 , <500,<500 ,<200 , <500,<500 ,<200 , <500,<500 ,<200 , <500,<500 ,<200 , <500,<500 ,<200 , <500,<500 ,<500 , <500,<500 ,<500 , <500,<500 ,<500 , <500,<500 ,<200 , <500,<500 ,<200 , <500,<500 ,<200 , <500,<500 ,<200 , <500
Niger,<1000 ,<500 , <1000,<1000 ,<500 , <1000,<1000 ,<1000 , 1200,1100 ,<1000 , 1500,1400 ,1100 , 1800,1700 ,1400 , 2200,2000 ,1600 , 2600,2300 ,1900 , 2900,2600 ,2200 , 3300,2900 ,2400 , 3600,3200 ,2700 , 3900,3500 ,2900 , 4200,3700 ,3100 , 4400,3900 ,3300 , 4700,4100 ,3500 , 4800,4200 ,3500 , 4900,4300 ,3600 , 5000,4300 ,3600 , 5000,4200 ,3600 , 5000,4100 ,3400 , 4800,3800 ,3200 , 4400,3600 ,3000 , 4100,3400 ,2800 , 3900,3200 ,2700 , 3800,3000 ,2500 , 3600,2900 ,2400 , 3500,2600 ,2200 , 3200,2600 ,2100 , 3200,2500 ,2100 , 3200
Nigeria,22 000 ,14 000 , 33 000,28 000 ,18 000 , 43 000,36 000 ,23 000 , 54 000,45 000 ,28 000 , 67 000,54 000 ,34 000 , 81 000,63 000 ,40 000 , 96 000,73 000 ,47 000 , 110 000,83 000 ,53 000 , 130 000,93 000 ,59 000 , 140 000,100 000 ,65 000 , 160 000,110 000 ,71 000 , 170 000,120 000 ,76 000 , 180 000,130 000 ,81 000 , 190 000,130 000 ,85 000 , 200 000,140 000 ,89 000 , 210 000,140 000 ,92 000 , 220 000,150 000 ,93 000 , 220 000,150 000 ,95 000 , 220 000,150 000 ,96 000 , 230 000,150 000 ,96 000 , 230 000,150 000 ,97 000 , 230 000,150 000 ,96 000 , 230 000,150 000 ,95 000 , 230 000,150 000 ,94 000 , 220 000,140 000 ,92 000 , 220 000,140 000 ,91 000 , 220 000,140 000 ,90 000 , 210 000,140 000 ,90 000 , 210 000,140 000 ,91 000 , 220 000
North Macedonia,... ,... , ...,... ,... , ...,... ,... , ...,... ,... , ...,... ,... , ...,... ,... , ...,... ,... , ...,... ,... , ...,... ,... , ...,... ,... , ...,... ,... , ...,... ,... , ...,... ,... , ...,... ,... , ...,... ,... , ...,... ,... , ...,... ,... , ...,... ,... , ...,... ,... , ...,... ,... , ...,... ,... , ...,... ,... , ...,... ,... , ...,... ,... , ...,... ,... , ...,... ,... , ...,... ,... , ...,... ,... , ...,... ,... , ...
Norway,... ,... , ...,... ,... , ...,... ,... , ...,... ,... , ...,... ,... , ...,... ,... , ...,... ,... , ...,... ,... , ...,... ,... , ...,... ,... , ...,... ,... , ...,... ,... , ...,... ,... , ...,... ,... , ...,... ,... , ...,... ,... , ...,... ,... , ...,... ,... , ...,... ,... , ...,... ,... , ...,... ,... , ...,... ,... , ...,... ,... , ...,... ,... , ...,... ,... , ...,... ,... , ...,... ,... , ...,... ,... , ...,... ,... , ...
Oman,... ,... , ...,... ,... , ...,... ,... , ...,... ,... , ...,... ,... , ...,... ,... , ...,... ,... , ...,... ,... , ...,... ,... , ...,... ,... , ...,... ,... , ...,... ,... , ...,... ,... , ...,... ,... , ...,... ,... , ...,... ,... , ...,... ,... , ...,... ,... , ...,... ,... , ...,... ,... , ...,... ,... , ...,... ,... , ...,... ,... , ...,... ,... , ...,... ,... , ...,... ,... , ...,... ,... , ...,... ,... , ...,... ,... , ...
Pakistan,<100 ,<100 , <100,<100 ,<100 , <100,<100 ,<100 , <100,<100 ,<100 , <100,<100 ,<100 , <100,<100 ,<100 , <100,<100 ,<100 , <100,<100 ,<100 , <100,<100 ,<100 , <100,<100 ,<100 , <100,<100 ,<100 , <100,<100 ,<100 , <100,<100 ,<100 , <100,<100 ,<100 , <100,<100 ,<100 , <100,<500 ,<500 , <500,<500 ,<500 , <1000,<1000 ,<1000 , <1000,1000 ,<1000 , 1200,1400 ,1200 , 1600,1800 ,1500 , 2000,2100 ,1800 , 2500,2600 ,2200 , 3000,3000 ,2600 , 3500,3500 ,3000 , 4000,4000 ,3400 , 4500,4500 ,3900 , 5100,5000 ,4300 , 5700,5500 ,4700 , 6300
Panama,<100 ,<100 , <100,<100 ,<100 , <100,<100 ,<100 , <100,<100 ,<100 , <100,<100 ,<100 , <100,<200 ,<100 , <200,<200 ,<200 , <200,<200 ,<200 , <200,<200 ,<200 , <200,<200 ,<200 , <200,<200 ,<200 , <200,<200 ,<200 , <200,<200 ,<200 , <500,<500 ,<200 , <500,<500 ,<500 , <500,<500 ,<500 , <500,<500 ,<500 , <500,<500 ,<500 , <500,<500 ,<500 , <500,<500 ,<500 , <500,<500 ,<500 , <500,<500 ,<500 , <500,<500 ,<500 , <500,<500 ,<500 , <500,<500 ,<500 , <500,<500 ,<500 , <500,<500 ,<500 , <500,<500 ,<500 , <500,<500 ,<500 , <500
Papua New Guinea,<100 ,<100 , <100,<100 ,<100 , <200,<200 ,<100 , <500,<200 ,<200 , <500,<500 ,<200 , <500,<500 ,<500 , <1000,<500 ,<500 , <1000,<1000 ,<500 , <1000,<1000 ,<1000 , 1200,1000 ,<1000 , 1400,1300 ,1000 , 1700,1600 ,1300 , 2000,2000 ,1600 , 2400,2300 ,2000 , 2700,2600 ,2200 , 3100,2900 ,2400 , 3300,3100 ,2600 , 3500,3200 ,2700 , 3600,3300 ,2800 , 3800,3400 ,2800 , 3900,3400 ,2900 , 4000,3500 ,2900 , 4100,3500 ,2900 , 4100,3500 ,2800 , 4100,3400 ,2800 , 4000,3400 ,2700 , 3900,3300 ,2600 , 3800,3100 ,2500 , 3700,2900 ,2300 , 3500
Paraguay,<100 ,<100 , <100,<100 ,<100 , <100,<100 ,<100 , <200,<100 ,<100 , <200,<100 ,<100 , <200,<100 ,<100 , <500,<200 ,<100 , <500,<200 ,<100 , <500,<200 ,<100 , <500,<500 ,<200 , <500,<500 ,<200 , <500,<500 ,<200 , <1000,<500 ,<200 , <1000,<500 ,<500 , <1000,<500 ,<500 , <1000,<500 ,<500 , <1000,<500 ,<500 , <1000,<500 ,<500 , <1000,<500 ,<500 , <1000,<500 ,<500 , <1000,<500 ,<500 , <1000,<500 ,<500 , <1000,<500 ,<500 , <1000,<500 ,<500 , <1000,<500 ,<500 , <1000,<500 ,<500 , <1000,<500 ,<500 , <1000,<500 ,<500 , <1000,<500 ,<500 , <1000
Peru,<1000 ,<500 , 2700,<1000 ,<500 , 3100,1200 ,<1000 , 3200,1400 ,<1000 , 3200,1700 ,1000 , 3300,1900 ,1200 , 3400,2100 ,1400 , 3400,2300 ,1600 , 3400,2400 ,1800 , 3500,2600 ,1900 , 3600,2600 ,2000 , 3600,2700 ,2100 , 3600,2700 ,2100 , 3600,2600 ,2000 , 3600,2600 ,2000 , 3500,2500 ,2000 , 3500,2400 ,1900 , 3300,2300 ,1800 , 3100,2100 ,1700 , 2900,2000 ,1500 , 2700,1900 ,1500 , 2600,1800 ,1400 , 2500,1800 ,1400 , 2400,1700 ,1300 , 2400,1700 ,1200 , 2300,1600 ,1200 , 2300,1600 ,1200 , 2300,1600 ,1200 , 2300,1600 ,1100 , 2300
Philippines,<100 ,<100 , <100,<100 ,<100 , <100,<100 ,<100 , <100,<100 ,<100 , <100,<100 ,<100 , <100,<100 ,<100 , <100,<100 ,<100 , <100,<100 ,<100 , <100,<100 ,<100 , <100,<100 ,<100 , <100,<100 ,<100 , <100,<100 ,<100 , <100,<100 ,<100 , <100,<100 ,<100 , <100,<100 ,<100 , <100,<100 ,<100 , <100,<100 ,<100 , <100,<100 ,<100 , <100,<100 ,<100 , <100,<100 ,<100 , <100,<100 ,<100 , <200,<200 ,<100 , <200,<200 ,<200 , <200,<200 ,<200 , <200,<200 ,<200 , <500,<500 ,<200 , <500,<500 ,<500 , <500,<500 ,<500 , <500,<500 ,<500 , <1000
Poland,... ,... , ...,... ,... , ...,... ,... , ...,... ,... , ...,... ,... , ...,... ,... , ...,... ,... , ...,... ,... , ...,... ,... , ...,... ,... , ...,... ,... , ...,... ,... , ...,... ,... , ...,... ,... , ...,... ,... , ...,... ,... , ...,... ,... , ...,... ,... , ...,... ,... , ...,... ,... , ...,... ,... , ...,... ,... , ...,... ,... , ...,... ,... , ...,... ,... , ...,... ,... , ...,... ,... , ...,... ,... , ...,... ,... , ...
Portugal,<100 ,<100 , <100,<100 ,<100 , <100,<100 ,<100 , <100,<100 ,<100 , <100,<100 ,<100 , <100,<100 ,<100 , <100,<100 ,<100 , <100,<100 ,<100 , <100,<100 ,<100 , <100,<100 ,<100 , <100,<100 ,<100 , <100,<100 ,<100 , <100,<100 ,<100 , <100,<100 ,<100 , <100,<100 ,<100 , <100,<100 ,<100 , <100,<100 ,<100 , <100,<100 ,<100 , <100,<100 ,<100 , <100,<100 ,<100 , <100,<100 ,<100 , <100,<100 ,<100 , <100,<100 ,<100 , <100,<100 ,<100 , <100,<100 ,<100 , <100,<100 ,<100 , <100,<100 ,<100 , <100,<100 ,<100 , <100,<100 ,<100 , <100
Qatar,... ,... , ...,... ,... , ...,... ,... , ...,... ,... , ...,... ,... , ...,... ,... , ...,... ,... , ...,... ,... , ...,... ,... , ...,... ,... , ...,... ,... , ...,... ,... , ...,... ,... , ...,... ,... , ...,... ,... , ...,... ,... , ...,... ,... , ...,... ,... , ...,... ,... , ...,... ,... , ...,... ,... , ...,... ,... , ...,... ,... , ...,... ,... , ...,... ,... , ...,... ,... , ...,... ,... , ...,... ,... , ...,... ,... , ...
Republic of Korea,... ,... , ...,... ,... , ...,... ,... , ...,... ,... , ...,... ,... , ...,... ,... , ...,... ,... , ...,... ,... , ...,... ,... , ...,... ,... , ...,... ,... , ...,... ,... , ...,... ,... , ...,... ,... , ...,... ,... , ...,... ,... , ...,... ,... , ...,... ,... , ...,... ,... , ...,... ,... , ...,... ,... , ...,... ,... , ...,... ,... , ...,... ,... , ...,... ,... , ...,... ,... , ...,... ,... , ...,... ,... , ...,... ,... , ...
Republic of Moldova,<100 ,<100 , <100,<100 ,<100 , <100,<100 ,<100 , <100,<100 ,<100 , <100,<100 ,<100 , <100,<100 ,<100 , <100,<100 ,<100 , <100,<100 ,<100 , <100,<100 ,<100 , <200,<200 ,<100 , <200,<200 ,<200 , <200,<200 ,<200 , <500,<200 ,<200 , <500,<200 ,<200 , <500,<200 ,<200 , <500,<500 ,<200 , <500,<500 ,<200 , <500,<500 ,<200 , <500,<500 ,<200 , <500,<500 ,<200 , <500,<500 ,<500 , <500,<500 ,<500 , <500,<500 ,<500 , <500,<500 ,<500 , <500,<500 ,<500 , <500,<500 ,<500 , <500,<500 ,<500 , <500,<500 ,<500 , <500,<500 ,<500 , <500
Romania,1300 ,1300 , 1300,1400 ,1400 , 1400,1400 ,1400 , 1400,1500 ,1500 , 1500,1700 ,1700 , 1700,1900 ,1900 , 1900,2100 ,2100 , 2100,2200 ,2200 , 2300,2400 ,2300 , 2400,2500 ,2400 , 2500,2600 ,2500 , 2600,2600 ,2600 , 2700,2600 ,2500 , 2700,2500 ,2500 , 2600,2400 ,2300 , 2500,2000 ,2000 , 2100,1900 ,1800 , 1900,1700 ,1600 , 1700,1500 ,1400 , 1600,1300 ,1300 , 1400,1100 ,1000 , 1100,<1000 ,<1000 , <1000,<1000 ,<1000 , <1000,<500 ,<500 , <500,<500 ,<500 , <500,<200 ,<200 , <200,<200 ,<200 , <200,<100 ,<100 , <100,<100 ,<100 , <100
Russian Federation,... ,... , ...,... ,... , ...,... ,... , ...,... ,... , ...,... ,... , ...,... ,... , ...,... ,... , ...,... ,... , ...,... ,... , ...,... ,... , ...,... ,... , ...,... ,... , ...,... ,... , ...,... ,... , ...,... ,... , ...,... ,... , ...,... ,... , ...,... ,... , ...,... ,... , ...,... ,... , ...,... ,... , ...,... ,... , ...,... ,... , ...,... ,... , ...,... ,... , ...,... ,... , ...,... ,... , ...,... ,... , ...,... ,... , ...
Rwanda,11 000 ,7200 , 18 000,13 000 ,8400 , 20 000,14 000 ,9600 , 21 000,15 000 ,10 000 , 22 000,15 000 ,11 000 , 22 000,16 000 ,12 000 , 22 000,18 000 ,14 000 , 24 000,20 000 ,15 000 , 26 000,23 000 ,18 000 , 29 000,25 000 ,20 000 , 31 000,26 000 ,22 000 , 32 000,27 000 ,23 000 , 33 000,27 000 ,23 000 , 32 000,27 000 ,23 000 , 31 000,26 000 ,23 000 , 30 000,26 000 ,22 000 , 29 000,25 000 ,22 000 , 28 000,24 000 ,20 000 , 27 000,23 000 ,19 000 , 26 000,22 000 ,18 000 , 25 000,21 000 ,18 000 , 24 000,20 000 ,17 000 , 23 000,19 000 ,15 000 , 22 000,18 000 ,14 000 , 21 000,17 000 ,13 000 , 20 000,15 000 ,12 000 , 19 000,14 000 ,11 000 , 17 000,13 000 ,9800 , 16 000,12 000 ,8900 , 15 000
Saint Kitts and Nevis,<100 ,<100 , <100,<100 ,<100 , <100,<100 ,<100 , <100,<100 ,<100 , <100,<100 ,<100 , <100,<100 ,<100 , <100,<100 ,<100 , <100,<100 ,<100 , <100,<100 ,<100 , <100,<100 ,<100 , <100,<100 ,<100 , <100,<100 ,<100 , <100,<100 ,<100 , <100,<100 ,<100 , <100,<100 ,<100 , <100,<100 ,<100 , <100,<100 ,<100 , <100,<100 ,<100 , <100,<100 ,<100 , <100,<100 ,<100 , <100,<100 ,<100 , <100,<100 ,<100 , <100,<100 ,<100 , <100,<100 ,<100 , <100,<100 ,<100 , <100,<100 ,<100 , <100,<100 ,<100 , <100,<100 ,<100 , <100,<100 ,<100 , <100
Saint Lucia,<100 ,<100 , <100,<100 ,<100 , <100,<100 ,<100 , <100,<100 ,<100 , <100,<100 ,<100 , <100,<100 ,<100 , <100,<100 ,<100 , <100,<100 ,<100 , <100,<100 ,<100 , <100,<100 ,<100 , <100,<100 ,<100 , <100,<100 ,<100 , <100,<100 ,<100 , <100,<100 ,<100 , <100,<100 ,<100 , <100,<100 ,<100 , <100,<100 ,<100 , <100,<100 ,<100 , <100,<100 ,<100 , <100,<100 ,<100 , <100,<100 ,<100 , <100,<100 ,<100 , <100,<100 ,<100 , <100,<100 ,<100 , <100,<100 ,<100 , <100,<100 ,<100 , <100,<100 ,<100 , <100,<100 ,<100 , <100,<100 ,<100 , <100
Saint Vincent and the Grenadines,<100 ,<100 , <100,<100 ,<100 , <100,<100 ,<100 , <100,<100 ,<100 , <100,<100 ,<100 , <100,<100 ,<100 , <100,<100 ,<100 , <100,<100 ,<100 , <100,<100 ,<100 , <100,<100 ,<100 , <100,<100 ,<100 , <100,<100 ,<100 , <100,<100 ,<100 , <100,<100 ,<100 , <100,<100 ,<100 , <100,<100 ,<100 , <100,<100 ,<100 , <100,<100 ,<100 , <100,<100 ,<100 , <100,<100 ,<100 , <100,<100 ,<100 , <100,<100 ,<100 , <100,<100 ,<100 , <100,<100 ,<100 , <100,<100 ,<100 , <100,<100 ,<100 , <100,<100 ,<100 , <100,<100 ,<100 , <100,<100 ,<100 , <100
Sao Tome and Principe,<100 ,<100 , <100,<100 ,<100 , <100,<100 ,<100 , <100,<100 ,<100 , <100,<100 ,<100 , <100,<100 ,<100 , <100,<100 ,<100 , <200,<100 ,<100 , <200,<200 ,<100 , <200,<200 ,<100 , <200,<200 ,<100 , <200,<200 ,<200 , <200,<200 ,<200 , <200,<200 ,<200 , <200,<200 ,<200 , <200,<200 ,<200 , <200,<200 ,<200 , <200,<200 ,<200 , <200,<200 ,<200 , <200,<200 ,<200 , <200,<200 ,<200 , <200,<200 ,<100 , <200,<200 ,<100 , <200,<100 ,<100 , <200,<100 ,<100 , <100,<100 ,<100 , <100,<100 ,<100 , <100,<100 ,<100 , <100,<100 ,<100 , <100
Saudi Arabia,... ,... , ...,... ,... , ...,... ,... , ...,... ,... , ...,... ,... , ...,... ,... , ...,... ,... , ...,... ,... , ...,... ,... , ...,... ,... , ...,... ,... , ...,... ,... , ...,... ,... , ...,... ,... , ...,... ,... , ...,... ,... , ...,... ,... , ...,... ,... , ...,... ,... , ...,... ,... , ...,... ,... , ...,... ,... , ...,... ,... , ...,... ,... , ...,... ,... , ...,... ,... , ...,... ,... , ...,... ,... , ...,... ,... , ...
Senegal,<1000 ,<500 , <1000,<1000 ,<500 , <1000,<1000 ,<1000 , 1200,1000 ,<1000 , 1500,1300 ,1000 , 1800,1600 ,1300 , 2100,1900 ,1500 , 2400,2200 ,1800 , 2800,2600 ,2100 , 3200,3000 ,2500 , 3600,3400 ,2900 , 4100,3800 ,3300 , 4500,4100 ,3700 , 4900,4500 ,4000 , 5300,4800 ,4300 , 5600,5100 ,4500 , 6000,5400 ,4700 , 6200,5500 ,4900 , 6400,5600 ,4900 , 6500,5700 ,5000 , 6500,5700 ,5000 , 6600,5700 ,5000 , 6500,5700 ,5000 , 6500,5500 ,4900 , 6300,5400 ,4700 , 6200,5100 ,4500 , 5900,4900 ,4200 , 5600,4700 ,4000 , 5400,4500 ,3700 , 5100
Serbia,... ,... , ...,... ,... , ...,... ,... , ...,... ,... , ...,... ,... , ...,... ,... , ...,... ,... , ...,... ,... , ...,... ,... , ...,... ,... , ...,... ,... , ...,... ,... , ...,... ,... , ...,... ,... , ...,... ,... , ...,... ,... , ...,... ,... , ...,... ,... , ...,... ,... , ...,... ,... , ...,... ,... , ...,... ,... , ...,... ,... , ...,... ,... , ...,... ,... , ...,... ,... , ...,... ,... , ...,... ,... , ...,... ,... , ...
Sierra Leone,1100 ,<1000 , 2100,1400 ,<1000 , 2500,1700 ,<1000 , 3000,2100 ,1100 , 3400,2400 ,1400 , 3900,2800 ,1800 , 4400,3200 ,2100 , 4900,3500 ,2400 , 5300,3900 ,2800 , 5700,4300 ,3100 , 6100,4700 ,3400 , 6500,5200 ,3800 , 7000,5700 ,4300 , 7600,6200 ,4600 , 8100,6600 ,5100 , 8500,7000 ,5400 , 8900,7300 ,5800 , 9200,7500 ,5900 , 9500,7600 ,5900 , 9500,7700 ,6000 , 9600,7800 ,6100 , 9700,7800 ,6200 , 9700,7700 ,6200 , 9600,7700 ,6200 , 9600,7700 ,6000 , 9500,7400 ,5800 , 9400,7200 ,5700 , 9200,6900 ,5400 , 8900,6600 ,5100 , 8500
Singapore,... ,... , ...,... ,... , ...,... ,... , ...,... ,... , ...,... ,... , ...,... ,... , ...,... ,... , ...,... ,... , ...,... ,... , ...,... ,... , ...,... ,... , ...,... ,... , ...,... ,... , ...,... ,... , ...,... ,... , ...,... ,... , ...,... ,... , ...,... ,... , ...,... ,... , ...,... ,... , ...,... ,... , ...,... ,... , ...,... ,... , ...,... ,... , ...,... ,... , ...,... ,... , ...,... ,... , ...,... ,... , ...,... ,... , ...
Slovakia,... ,... , ...,... ,... , ...,... ,... , ...,... ,... , ...,... ,... , ...,... ,... , ...,... ,... , ...,... ,... , ...,... ,... , ...,... ,... , ...,... ,... , ...,... ,... , ...,... ,... , ...,... ,... , ...,... ,... , ...,... ,... , ...,... ,... , ...,... ,... , ...,... ,... , ...,... ,... , ...,... ,... , ...,... ,... , ...,... ,... , ...,... ,... , ...,... ,... , ...,... ,... , ...,... ,... , ...,... ,... , ...,... ,... , ...
Slovenia,... ,... , ...,... ,... , ...,... ,... , ...,... ,... , ...,... ,... , ...,... ,... , ...,... ,... , ...,... ,... , ...,... ,... , ...,... ,... , ...,... ,... , ...,... ,... , ...,... ,... , ...,... ,... , ...,... ,... , ...,... ,... , ...,... ,... , ...,... ,... , ...,... ,... , ...,... ,... , ...,... ,... , ...,... ,... , ...,... ,... , ...,... ,... , ...,... ,... , ...,... ,... , ...,... ,... , ...,... ,... , ...,... ,... , ...
Somalia,<200 ,<100 , <500,<200 ,<100 , <500,<500 ,<200 , <500,<500 ,<200 , <500,<500 ,<500 , <1000,<1000 ,<500 , <1000,<1000 ,<500 , <1000,<1000 ,<1000 , 1100,<1000 ,<1000 , 1200,1100 ,<1000 , 1400,1300 ,<1000 , 1600,1400 ,1200 , 1800,1600 ,1300 , 1900,1700 ,1400 , 2100,1800 ,1500 , 2200,1900 ,1600 , 2300,2000 ,1700 , 2300,2000 ,1700 , 2400,2000 ,1800 , 2400,2000 ,1800 , 2300,2000 ,1800 , 2300,1900 ,1700 , 2200,1900 ,1600 , 2200,1800 ,1600 , 2100,1700 ,1500 , 2000,1600 ,1400 , 2000,1500 ,1300 , 1900,1400 ,1200 , 1800,1300 ,1100 , 1800
South Africa,3200 ,2500 , 4000,5900 ,4300 , 7400,10 000 ,7300 , 13 000,17 000 ,12 000 , 22 000,28 000 ,19 000 , 35 000,42 000 ,29 000 , 53 000,60 000 ,43 000 , 74 000,81 000 ,60 000 , 97 000,110 000 ,80 000 , 120 000,130 000 ,100 000 , 150 000,160 000 ,120 000 , 180 000,180 000 ,140 000 , 210 000,210 000 ,160 000 , 240 000,230 000 ,180 000 , 270 000,250 000 ,200 000 , 290 000,270 000 ,210 000 , 310 000,290 000 ,230 000 , 330 000,300 000 ,230 000 , 340 000,310 000 ,240 000 , 360 000,310 000 ,240 000 , 370 000,320 000 ,250 000 , 370 000,310 000 ,250 000 , 380 000,310 000 ,240 000 , 380 000,300 000 ,240 000 , 380 000,300 000 ,230 000 , 370 000,290 000 ,220 000 , 370 000,280 000 ,220 000 , 370 000,270 000 ,210 000 , 360 000,260 000 ,200 000 , 360 000
South Sudan,1400 ,<500 , 2800,1800 ,<500 , 3500,2300 ,<1000 , 4300,2800 ,<1000 , 4900,3400 ,1300 , 5600,4000 ,1700 , 6400,4700 ,2200 , 7200,5500 ,2700 , 8200,6400 ,3300 , 9300,7200 ,3900 , 10 000,8100 ,4600 , 11 000,8900 ,5300 , 12 000,9700 ,6000 , 13 000,11 000 ,6600 , 14 000,11 000 ,7300 , 15 000,12 000 ,8100 , 16 000,13 000 ,8900 , 16 000,13 000 ,9500 , 17 000,14 000 ,10 000 , 18 000,15 000 ,11 000 , 18 000,15 000 ,11 000 , 19 000,15 000 ,12 000 , 20 000,16 000 ,12 000 , 20 000,16 000 ,12 000 , 21 000,16 000 ,13 000 , 21 000,16 000 ,12 000 , 21 000,16 000 ,12 000 , 21 000,16 000 ,12 000 , 21 000,16 000 ,12 000 , 21 000
Spain,<500 ,<500 , <500,<500 ,<500 , <500,<500 ,<500 , <500,<500 ,<500 , <500,<500 ,<500 , <500,<500 ,<500 , <500,<500 ,<500 , <500,<500 ,<500 , <500,<500 ,<500 , <500,<500 ,<500 , <500,<500 ,<500 , <500,<500 ,<500 , <500,<500 ,<500 , <500,<500 ,<500 , <500,<500 ,<200 , <500,<200 ,<200 , <200,<200 ,<200 , <200,<100 ,<100 , <100,<100 ,<100 , <100,<100 ,<100 , <100,<100 ,<100 , <100,<100 ,<100 , <100,<100 ,<100 , <200,<100 ,<100 , <200,<100 ,<100 , <200,<100 ,<100 , <200,<100 ,<100 , <200,<100 ,<100 , <200,<100 ,<100 , <200
Sri Lanka,... ,... , ...,... ,... , ...,... ,... , ...,... ,... , ...,... ,... , ...,... ,... , ...,... ,... , ...,... ,... , ...,... ,... , ...,... ,... , ...,... ,... , ...,... ,... , ...,... ,... , ...,... ,... , ...,... ,... , ...,... ,... , ...,... ,... , ...,... ,... , ...,... ,... , ...,... ,... , ...,... ,... , ...,... ,... , ...,... ,... , ...,... ,... , ...,... ,... , ...,... ,... , ...,... ,... , ...,... ,... , ...,... ,... , ...
Sudan,<200 ,<100 , <1000,<200 ,<100 , <1000,<500 ,<100 , <1000,<500 ,<100 , <1000,<500 ,<200 , 1100,<500 ,<200 , 1200,<500 ,<200 , 1400,<1000 ,<500 , 1700,<1000 ,<500 , 1800,<1000 ,<500 , 2000,<1000 ,<500 , 2200,1100 ,<1000 , 2400,1200 ,<1000 , 2600,1400 ,<1000 , 2800,1600 ,<1000 , 3000,1800 ,1100 , 3100,2000 ,1300 , 3200,2300 ,1600 , 3400,2500 ,1800 , 3400,2700 ,2000 , 3500,2900 ,2300 , 3700,3100 ,2500 , 3800,3300 ,2700 , 4100,3500 ,2800 , 4300,3700 ,2800 , 4700,3800 ,2800 , 5200,4000 ,2700 , 5600,4100 ,2600 , 6100,4200 ,2400 , 6800
Suriname,<100 ,<100 , <100,<100 ,<100 , <100,<100 ,<100 , <100,<100 ,<100 , <100,<100 ,<100 , <100,<100 ,<100 , <100,<100 ,<100 , <100,<100 ,<100 , <100,<100 ,<100 , <100,<100 ,<100 , <200,<100 ,<100 , <200,<100 ,<100 , <200,<100 ,<100 , <200,<100 ,<100 , <200,<100 ,<100 , <200,<100 ,<100 , <200,<100 ,<100 , <200,<100 ,<100 , <200,<100 ,<100 , <200,<100 ,<100 , <200,<200 ,<100 , <200,<100 ,<100 , <200,<100 ,<100 , <200,<100 ,<100 , <200,<100 ,<100 , <200,<100 ,<100 , <200,<100 ,<100 , <200,<100 ,<100 , <200,<100 ,<100 , <100
Sweden,... ,... , ...,... ,... , ...,... ,... , ...,... ,... , ...,... ,... , ...,... ,... , ...,... ,... , ...,... ,... , ...,... ,... , ...,... ,... , ...,... ,... , ...,... ,... , ...,... ,... , ...,... ,... , ...,... ,... , ...,... ,... , ...,... ,... , ...,... ,... , ...,... ,... , ...,... ,... , ...,... ,... , ...,... ,... , ...,... ,... , ...,... ,... , ...,... ,... , ...,... ,... , ...,... ,... , ...,... ,... , ...,... ,... , ...
Switzerland,... ,... , ...,... ,... , ...,... ,... , ...,... ,... , ...,... ,... , ...,... ,... , ...,... ,... , ...,... ,... , ...,... ,... , ...,... ,... , ...,... ,... , ...,... ,... , ...,... ,... , ...,... ,... , ...,... ,... , ...,... ,... , ...,... ,... , ...,... ,... , ...,... ,... , ...,... ,... , ...,... ,... , ...,... ,... , ...,... ,... , ...,... ,... , ...,... ,... , ...,... ,... , ...,... ,... , ...,... ,... , ...,... ,... , ...
Syrian Arab Republic,... ,... , ...,... ,... , ...,... ,... , ...,... ,... , ...,... ,... , ...,... ,... , ...,... ,... , ...,... ,... , ...,... ,... , ...,... ,... , ...,... ,... , ...,... ,... , ...,... ,... , ...,... ,... , ...,... ,... , ...,... ,... , ...,... ,... , ...,... ,... , ...,... ,... , ...,... ,... , ...,... ,... , ...,... ,... , ...,... ,... , ...,... ,... , ...,... ,... , ...,... ,... , ...,... ,... , ...,... ,... , ...,... ,... , ...
Tajikistan,<100 ,<100 , <100,<100 ,<100 , <100,<100 ,<100 , <100,<100 ,<100 , <100,<100 ,<100 , <100,<100 ,<100 , <100,<100 ,<100 , <100,<100 ,<100 , <100,<100 ,<100 , <100,<100 ,<100 , <100,<100 ,<100 , <100,<100 ,<100 , <200,<100 ,<100 , <200,<200 ,<100 , <200,<200 ,<100 , <200,<200 ,<200 , <500,<500 ,<200 , <500,<500 ,<200 , <500,<500 ,<200 , <500,<500 ,<200 , <500,<500 ,<500 , <500,<500 ,<500 , <500,<500 ,<500 , <500,<500 ,<500 , <500,<500 ,<500 , <500,<500 ,<500 , <1000,<1000 ,<500 , <1000,<1000 ,<500 , <1000,<1000 ,<500 , <1000
Thailand,<500 ,<500 , <500,<1000 ,<1000 , 1000,1700 ,1400 , 2100,2900 ,2400 , 3500,4200 ,3500 , 5100,5700 ,4700 , 6700,7100 ,5900 , 8400,8500 ,7100 , 9900,9900 ,8300 , 12 000,11 000 ,9300 , 13 000,12 000 ,9900 , 14 000,13 000 ,10 000 , 15 000,13 000 ,11 000 , 16 000,14 000 ,11 000 , 17 000,14 000 ,12 000 , 17 000,14 000 ,11 000 , 17 000,14 000 ,11 000 , 16 000,13 000 ,11 000 , 15 000,12 000 ,10 000 , 15 000,12 000 ,9400 , 14 000,11 000 ,8700 , 13 000,9900 ,8100 , 12 000,9000 ,7300 , 11 000,7900 ,6300 , 9500,6900 ,5500 , 8400,5900 ,4700 , 7100,4900 ,3900 , 5900,4000 ,3300 , 4800,3200 ,2600 , 3800
Timor-Leste,... ,... , ...,... ,... , ...,... ,... , ...,... ,... , ...,... ,... , ...,... ,... , ...,... ,... , ...,... ,... , ...,... ,... , ...,... ,... , ...,... ,... , ...,... ,... , ...,... ,... , ...,... ,... , ...,... ,... , ...,... ,... , ...,... ,... , ...,... ,... , ...,... ,... , ...,... ,... , ...,... ,... , ...,... ,... , ...,... ,... , ...,... ,... , ...,... ,... , ...,... ,... , ...,... ,... , ...,... ,... , ...,... ,... , ...
Togo,1300 ,1100 , 1500,1800 ,1500 , 2000,2400 ,2100 , 2700,3200 ,2700 , 3600,4100 ,3500 , 4600,5200 ,4400 , 5800,6300 ,5300 , 7000,7400 ,6300 , 8300,8500 ,7200 , 9500,9600 ,8200 , 11 000,11 000 ,9100 , 12 000,12 000 ,9900 , 13 000,13 000 ,11 000 , 14 000,14 000 ,12 000 , 15 000,14 000 ,12 000 , 16 000,15 000 ,13 000 , 17 000,16 000 ,13 000 , 17 000,16 000 ,14 000 , 18 000,16 000 ,14 000 , 18 000,16 000 ,14 000 , 18 000,16 000 ,14 000 , 18 000,16 000 ,13 000 , 18 000,16 000 ,13 000 , 18 000,15 000 ,13 000 , 17 000,15 000 ,13 000 , 17 000,14 000 ,12 000 , 16 000,14 000 ,12 000 , 15 000,13 000 ,11 000 , 15 000,12 000 ,11 000 , 14 000
Trinidad and Tobago,... ,... , ...,... ,... , ...,... ,... , ...,... ,... , ...,... ,... , ...,... ,... , ...,... ,... , ...,... ,... , ...,... ,... , ...,... ,... , ...,... ,... , ...,... ,... , ...,... ,... , ...,... ,... , ...,... ,... , ...,... ,... , ...,... ,... , ...,... ,... , ...,... ,... , ...,... ,... , ...,... ,... , ...,... ,... , ...,... ,... , ...,... ,... , ...,... ,... , ...,... ,... , ...,... ,... , ...,... ,... , ...,... ,... , ...
Tunisia,... ,... , ...,... ,... , ...,... ,... , ...,... ,... , ...,... ,... , ...,... ,... , ...,... ,... , ...,... ,... , ...,... ,... , ...,... ,... , ...,... ,... , ...,... ,... , ...,... ,... , ...,... ,... , ...,... ,... , ...,... ,... , ...,... ,... , ...,... ,... , ...,... ,... , ...,... ,... , ...,... ,... , ...,... ,... , ...,... ,... , ...,... ,... , ...,... ,... , ...,... ,... , ...,... ,... , ...,... ,... , ...,... ,... , ...
Turkey,... ,... , ...,... ,... , ...,... ,... , ...,... ,... , ...,... ,... , ...,... ,... , ...,... ,... , ...,... ,... , ...,... ,... , ...,... ,... , ...,... ,... , ...,... ,... , ...,... ,... , ...,... ,... , ...,... ,... , ...,... ,... , ...,... ,... , ...,... ,... , ...,... ,... , ...,... ,... , ...,... ,... , ...,... ,... , ...,... ,... , ...,... ,... , ...,... ,... , ...,... ,... , ...,... ,... , ...,... ,... , ...,... ,... , ...
Turkmenistan,... ,... , ...,... ,... , ...,... ,... , ...,... ,... , ...,... ,... , ...,... ,... , ...,... ,... , ...,... ,... , ...,... ,... , ...,... ,... , ...,... ,... , ...,... ,... , ...,... ,... , ...,... ,... , ...,... ,... , ...,... ,... , ...,... ,... , ...,... ,... , ...,... ,... , ...,... ,... , ...,... ,... , ...,... ,... , ...,... ,... , ...,... ,... , ...,... ,... , ...,... ,... , ...,... ,... , ...,... ,... , ...,... ,... , ...
Uganda,73 000 ,60 000 , 90 000,82 000 ,69 000 , 100 000,92 000 ,78 000 , 110 000,100 000 ,85 000 , 120 000,110 000 ,93 000 , 130 000,120 000 ,100 000 , 140 000,120 000 ,110 000 , 140 000,130 000 ,110 000 , 150 000,140 000 ,120 000 , 150 000,140 000 ,120 000 , 160 000,140 000 ,120 000 , 160 000,140 000 ,120 000 , 160 000,150 000 ,130 000 , 160 000,150 000 ,130 000 , 160 000,150 000 ,130 000 , 160 000,150 000 ,130 000 , 160 000,150 000 ,130 000 , 160 000,150 000 ,130 000 , 160 000,140 000 ,120 000 , 160 000,140 000 ,120 000 , 160 000,140 000 ,120 000 , 150 000,140 000 ,120 000 , 150 000,130 000 ,110 000 , 140 000,130 000 ,110 000 , 140 000,120 000 ,100 000 , 130 000,120 000 ,100 000 , 130 000,110 000 ,98 000 , 120 000,110 000 ,93 000 , 120 000,100 000 ,88 000 , 110 000
Ukraine,<100 ,<100 , <100,<100 ,<100 , <100,<100 ,<100 , <100,<100 ,<100 , <100,<200 ,<100 , <200,<200 ,<200 , <500,<500 ,<500 , <500,<500 ,<500 , <1000,<1000 ,<500 , <1000,<1000 ,<1000 , <1000,<1000 ,<1000 , <1000,<1000 ,<1000 , <1000,<1000 ,<1000 , <1000,<1000 ,<1000 , 1000,<1000 ,<1000 , 1100,<1000 ,<1000 , 1100,1000 ,<1000 , 1200,1200 ,<1000 , 1400,1100 ,<1000 , 1300,1100 ,<1000 , 1300,1100 ,<1000 , 1300,1100 ,<1000 , 1300,1100 ,<1000 , 1300,1100 ,<1000 , 1200,1000 ,<1000 , 1200,<1000 ,<1000 , 1100,<1000 ,<1000 , 1100,<1000 ,<1000 , 1000,<1000 ,<1000 , <1000
United Arab Emirates,... ,... , ...,... ,... , ...,... ,... , ...,... ,... , ...,... ,... , ...,... ,... , ...,... ,... , ...,... ,... , ...,... ,... , ...,... ,... , ...,... ,... , ...,... ,... , ...,... ,... , ...,... ,... , ...,... ,... , ...,... ,... , ...,... ,... , ...,... ,... , ...,... ,... , ...,... ,... , ...,... ,... , ...,... ,... , ...,... ,... , ...,... ,... , ...,... ,... , ...,... ,... , ...,... ,... , ...,... ,... , ...,... ,... , ...
United Kingdom,... ,... , ...,... ,... , ...,... ,... , ...,... ,... , ...,... ,... , ...,... ,... , ...,... ,... , ...,... ,... , ...,... ,... , ...,... ,... , ...,... ,... , ...,... ,... , ...,... ,... , ...,... ,... , ...,... ,... , ...,... ,... , ...,... ,... , ...,... ,... , ...,... ,... , ...,... ,... , ...,... ,... , ...,... ,... , ...,... ,... , ...,... ,... , ...,... ,... , ...,... ,... , ...,... ,... , ...,... ,... , ...,... ,... , ...
United Republic of Tanzania,27 000 ,23 000 , 32 000,34 000 ,29 000 , 40 000,42 000 ,36 000 , 49 000,51 000 ,44 000 , 59 000,60 000 ,52 000 , 68 000,69 000 ,60 000 , 78 000,77 000 ,69 000 , 87 000,86 000 ,76 000 , 96 000,93 000 ,82 000 , 100 000,100 000 ,87 000 , 110 000,110 000 ,93 000 , 120 000,110 000 ,97 000 , 130 000,120 000 ,100 000 , 130 000,120 000 ,100 000 , 140 000,130 000 ,110 000 , 140 000,130 000 ,110 000 , 150 000,130 000 ,110 000 , 150 000,130 000 ,110 000 , 150 000,130 000 ,110 000 , 150 000,120 000 ,100 000 , 140 000,120 000 ,97 000 , 130 000,110 000 ,92 000 , 130 000,110 000 ,88 000 , 120 000,100 000 ,85 000 , 120 000,100 000 ,83 000 , 120 000,98 000 ,80 000 , 120 000,97 000 ,77 000 , 120 000,95 000 ,75 000 , 120 000,92 000 ,72 000 , 110 000
United States,... ,... , ...,... ,... , ...,... ,... , ...,... ,... , ...,... ,... , ...,... ,... , ...,... ,... , ...,... ,... , ...,... ,... , ...,... ,... , ...,... ,... , ...,... ,... , ...,... ,... , ...,... ,... , ...,... ,... , ...,... ,... , ...,... ,... , ...,... ,... , ...,... ,... , ...,... ,... , ...,... ,... , ...,... ,... , ...,... ,... , ...,... ,... , ...,... ,... , ...,... ,... , ...,... ,... , ...,... ,... , ...,... ,... , ...
Uruguay,<100 ,<100 , <200,<100 ,<100 , <200,<100 ,<100 , <200,<100 ,<100 , <200,<100 ,<100 , <200,<100 ,<100 , <200,<100 ,<100 , <200,<100 ,<100 , <200,<100 ,<100 , <200,<100 ,<100 , <200,<100 ,<100 , <200,<100 ,<100 , <200,<100 ,<100 , <200,<200 ,<100 , <200,<200 ,<100 , <200,<200 ,<100 , <200,<200 ,<100 , <200,<200 ,<100 , <200,<200 ,<200 , <200,<200 ,<200 , <200,<200 ,<200 , <200,<200 ,<200 , <200,<200 ,<200 , <200,<200 ,<200 , <200,<200 ,<200 , <200,<200 ,<200 , <200,<200 ,<200 , <200,<200 ,<100 , <200,<200 ,<100 , <200
Uzbekistan,<500 ,<500 , <500,<500 ,<500 , <500,<500 ,<500 , <500,<500 ,<500 , <500,<1000 ,<500 , <1000,<1000 ,<1000 , <1000,<1000 ,<1000 , <1000,<1000 ,<1000 , <1000,<1000 ,<1000 , <1000,<1000 ,<1000 , <1000,<1000 ,<1000 , <1000,<1000 ,<1000 , <1000,<1000 ,<1000 , <1000,<1000 ,<1000 , <1000,1400 ,1300 , 1400,1700 ,1700 , 1800,2000 ,1900 , 2100,2200 ,2100 , 2300,2300 ,2200 , 2400,2500 ,2400 , 2600,2700 ,2600 , 2800,2900 ,2800 , 3000,3200 ,3100 , 3300,3500 ,3400 , 3600,3800 ,3700 , 4000,4300 ,4100 , 4500,4900 ,4600 , 5100,5400 ,5100 , 5700,6000 ,5600 , 6300
Venezuela (Bolivarian Republic of),... ,... , ...,... ,... , ...,... ,... , ...,... ,... , ...,... ,... , ...,... ,... , ...,... ,... , ...,... ,... , ...,... ,... , ...,... ,... , ...,... ,... , ...,... ,... , ...,... ,... , ...,... ,... , ...,... ,... , ...,... ,... , ...,... ,... , ...,... ,... , ...,... ,... , ...,... ,... , ...,... ,... , ...,... ,... , ...,... ,... , ...,... ,... , ...,... ,... , ...,... ,... , ...,... ,... , ...,... ,... , ...,... ,... , ...
Viet Nam,<100 ,<100 , <100,<100 ,<100 , <100,<100 ,<100 , <100,<100 ,<100 , <100,<200 ,<200 , <200,<500 ,<500 , <500,<500 ,<500 , <500,<1000 ,<500 , <1000,<1000 ,<1000 , <1000,1000 ,<1000 , 1200,1300 ,1100 , 1500,1600 ,1300 , 1800,1900 ,1600 , 2100,2200 ,1900 , 2400,2500 ,2100 , 2800,2800 ,2300 , 3100,3000 ,2500 , 3400,3100 ,2600 , 3600,3300 ,2800 , 3800,3600 ,3000 , 4100,3800 ,3200 , 4400,4100 ,3400 , 4800,4400 ,3700 , 5100,4600 ,3800 , 5400,4800 ,4000 , 5600,5000 ,4000 , 5700,5000 ,4000 , 5800,5100 ,4100 , 5900,5000 ,4000 , 5900
Yemen,<100 ,<100 , <100,<100 ,<100 , <100,<100 ,<100 , <100,<100 ,<100 , <100,<100 ,<100 , <100,<100 ,<100 , <200,<100 ,<100 , <200,<100 ,<100 , <200,<100 ,<100 , <200,<100 ,<100 , <200,<100 ,<100 , <200,<200 ,<100 , <500,<200 ,<100 , <500,<200 ,<100 , <500,<200 ,<100 , <500,<200 ,<100 , <500,<200 ,<200 , <500,<200 ,<200 , <500,<500 ,<200 , <500,<500 ,<200 , <500,<500 ,<200 , <500,<500 ,<200 , <500,<500 ,<200 , <500,<500 ,<200 , <500,<500 ,<500 , <500,<500 ,<500 , <500,<500 ,<500 , <1000,<500 ,<500 , <1000,<500 ,<500 , <1000
Zambia,18 000 ,15 000 , 22 000,24 000 ,20 000 , 28 000,29 000 ,24 000 , 35 000,35 000 ,29 000 , 42 000,41 000 ,34 000 , 49 000,47 000 ,39 000 , 56 000,53 000 ,44 000 , 63 000,59 000 ,49 000 , 70 000,65 000 ,54 000 , 76 000,70 000 ,58 000 , 82 000,74 000 ,62 000 , 88 000,78 000 ,65 000 , 93 000,82 000 ,68 000 , 97 000,85 000 ,70 000 , 100 000,86 000 ,72 000 , 100 000,85 000 ,71 000 , 100 000,84 000 ,70 000 , 99 000,83 000 ,69 000 , 98 000,80 000 ,67 000 , 95 000,78 000 ,65 000 , 93 000,77 000 ,64 000 , 91 000,76 000 ,63 000 , 90 000,74 000 ,62 000 , 88 000,72 000 ,60 000 , 85 000,71 000 ,59 000 , 84 000,69 000 ,57 000 , 81 000,67 000 ,55 000 , 79 000,65 000 ,54 000 , 77 000,62 000 ,52 000 , 74 000
Zimbabwe,35 000 ,27 000 , 43 000,46 000 ,36 000 , 56 000,57 000 ,44 000 , 70 000,69 000 ,53 000 , 84 000,80 000 ,62 000 , 97 000,91 000 ,71 000 , 110 000,100 000 ,79 000 , 120 000,110 000 ,87 000 , 140 000,120 000 ,94 000 , 150 000,130 000 ,100 000 , 160 000,140 000 ,110 000 , 170 000,140 000 ,110 000 , 170 000,140 000 ,110 000 , 180 000,150 000 ,110 000 , 180 000,140 000 ,110 000 , 180 000,140 000 ,110 000 , 170 000,140 000 ,110 000 , 170 000,140 000 ,110 000 , 170 000,140 000 ,100 000 , 170 000,130 000 ,100 000 , 160 000,130 000 ,99 000 , 160 000,120 000 ,95 000 , 150 000,120 000 ,90 000 , 140 000,110 000 ,86 000 , 130 000,100 000 ,81 000 , 130 000,99 000 ,77 000 , 120 000,94 000 ,73 000 , 120 000,89 000 ,69 000 , 110 000,84 000 ,65 000 , 100 000
Global,410 000 ,320 000,530 000,520 000 ,400 000,670 000,640 000 ,490 000,830 000,770 000 ,590 000,1 000 000,910 000 ,700 000,1 200 000,1 100 000 ,810 000,1 400 000,1 200 000 ,930 000,1 600 000,1 400 000 ,1 000 000,1 800 000,1 500 000 ,1 200 000,1 900 000,1 600 000 ,1 300 000,2 100 000,1 800 000 ,1 400 000,2 300 000,1 900 000 ,1 500 000,2 400 000,2 000 000 ,1 500 000,2 600 000,2 100 000 ,1 600 000,2 700 000,2 100 000 ,1 600 000,2 800 000,2 200 000 ,1 700 000,2 800 000,2 200 000 ,1 700 000,2 900 000,2 200 000 ,1 700 000,2 900 000,2 200 000 ,1 700 000,2 900 000,2 200 000 ,1 700 000,2 800 000,2 200 000 ,1 700 000,2 800 000,2 100 000 ,1 600 000,2 700 000,2 100 000 ,1 600 000,2 700 000,2 000 000 ,1 500 000,2 600 000,2 000 000 ,1 500 000,2 500 000,1 900 000 ,1 500 000,2 500 000,1 800 000 ,1 400 000,2 400 000,1 800 000 ,1 400 000,2 300 000,1 700 000 ,1 300 000,2 200 000